TestTargetsPerCommit,RL,RF,RRF,MART,RankNet,RankBoost,Coordinate Ascent,LambdaMART,RLMLP,kNN,compress,normal,RPA
1,1,0,0,0,0,0,0,0,1,0,,,
29,0.74292226767972,0,0,0,0,0,0,0,0.732355347749854,0,,,
23,0.748566142460685,0,0.850023126734505,0,0,0,0,0,0.762534690101758,0,,,
27,0.794271284271284,0,0.818903318903319,0,0,0,0,0,0.778917748917749,0,,,
1,1,0,1,0,0,0,0,0,1,0,,,
1,1,0,1,0,0,0,0,0,1,0,,,
35,0.731207243460765,0,0.871636485580148,0,0,0,0,0,0.760093896713615,0,,,
10,0.792207792207792,0,0.823636363636364,0,0,0,0,0,0.781818181818182,0,,,
12,0.819692307692308,0,0.888307692307692,0,0,0,0,0,0.852,0,,,
33,0.750299305610983,0,0.900790166812994,0,0,0,0,0,0.772471865272568,0,,,
3,0.907142857142857,0,0.935714285714285,0,0,0,0,0,0.885714285714286,0,,,
21,0.800422832980973,0,0.946058592570221,0,0,0,0,0,0.785442464512232,0,,,
9,0.794385964912281,0,0.959649122807018,0,0,0,0,0,0.779298245614035,0,,,
21,0.778556327393537,0,0.942162488674117,0,0,0,0,0,0.768649954696467,0,,,
21,0.82431289640592,0,0.938356991845364,0,0,0,0,0,0.826940501359106,0,,,
21,0.787888855330716,0,0.930806402899426,0,0,0,0,0,0.829568106312293,0,,,
9,0.846315789473684,0,0.955438596491228,0,0,0,0,0,0.874035087719298,0,,,
9,0.84140350877193,0,0.936140350877193,0,0,0,0,0,0.827719298245614,0,,,
24,0.756551020408163,0,0.932632653061225,0,0,0,0,0,0.772265306122449,0,,,
8,0.80343137254902,0,0.94313725490196,0,0,0,0,0,0.813235294117647,0,,,
38,0.785362006414638,0,0.907061359692939,0,0,0,0,0,0.774688469425312,0,,,
26,0.751072407676181,0,0.914142880180616,0,0,0,0,0,0.770537010159652,0,,,
31,0.816273041474654,0,0.919028417818741,0,0,0,0,0,0.822839861751152,0,,,
26,0.779970972423803,0,0.894807289146912,0,0,0,0,0,0.781680374133204,0,,,
72,0.741443867107542,0,0.8745213352228,0,0,0,0,0,0.739027712171312,0,,,
21,0.740320144971308,0,0.930625188764724,0,0,0,0,0,0.76843853820598,0,,,
1,1,0,1,0,0,0,0,0,1,0,,,
21,0.780096647538508,0,0.932497734823316,0,0,0,0,0,0.79250981576563,0,,,
24,0.750979591836735,0,0.872163265306123,0,0,0,0,0,0.740265306122449,0,,,
22,0.732305665349144,0,0.861870882740448,0,0,0,0,0,0.726508563899868,0,,,
22,0.774571805006588,0,0.871910408432148,0,0,0,0,0,0.77939393939394,0,,,
21,0.776321353065539,0,0.903292056780429,0,0,0,0,0,0.780217456961643,0,,,
19,0.790607287449393,0,0.934777327935223,0,0,0,0,0,0.737004048582996,0,,,
19,0.764696356275304,0,0.922186234817813,0,0,0,0,0,0.739392712550607,0,,,
17,0.80436974789916,0,0.907002801120448,0,0,0,0,0,0.83546218487395,0,,,
21,0.804439746300212,0,0.93228631833283,0,0,0,0,0,0.812775596496527,0,,,
21,0.786167321051042,0,0.923950468136515,0,0,0,0,0,0.774539414074298,0,,,
24,0.797489795918368,0,0.916244897959184,0,0,0,0,0,0.80769387755102,0,,,
9,0.758245614035088,0,0.948070175438597,0,0,0,0,0,0.788070175438597,0,,,
18,0.78715030820294,0,0.902275960170697,0,0,0,0,0,0.776434329065908,0,,,
12,0.752923076923077,0,0.916615384615384,0,0,0,0,0,0.788923076923077,0,,,
20,0.752543554006969,0,0.898815331010453,0,0,0,0,0,0.750975609756098,0,,,
1,1,0,1,0,0,0,0,0,1,0,,,
21,0.794140742977952,0,0.918906674720628,0,0,0,0,0,0.810238598610692,0,,,
19,0.803603238866397,0,0.920283400809716,0,0,0,0,0,0.827368421052631,0,,,
19,0.763198380566801,0,0.921781376518218,0,0,0,0,0,0.793157894736842,0,,,
1,1,0,1,0,0,0,0,0,1,0,,,
13,0.83980463980464,0,0.957020757020757,0,0,0,0,0,0.855799755799756,0,,,
22,0.78498023715415,0,0.943241106719368,0,0,0,0,0,0.780131752305665,0,,,
21,0.78115372999094,0,0.927755964965267,0,0,0,0,0,0.79323467230444,0,,,
20,0.741811846689895,0,0.888466898954704,0,0,0,0,0,0.745540069686411,0,,,
1,1,0,1,0,0,0,0,0,1,0,,,
1,1,0,1,0,0,0,0,0,1,0,,,
20,0.780766550522648,0,0.903519163763066,0,0,0,0,0,0.750836236933798,0,,,
20,0.683344947735192,0,0.88808362369338,0,0,0,0,0,0.687735191637631,0,,,
30,0.800475938656795,0,0.911295610787943,0,0,0,0,0,0.790005288207298,0,,,
30,0.790111052353253,0,0.900528820729773,0,0,0,0,0,0.78632469592808,0,,,
4,0.81,0,0.946666666666667,0,0,0,0,0,0.903333333333334,0,,,
5,0.801818181818182,0,0.932727272727273,0,0,0,0,0,0.803636363636364,0,,,
40,0.729277326106595,0,0.890149051490515,0,0,0,0,0,0.764643179765131,0,,,
20,0.729756097560976,0,0.889233449477352,0,0,0,0,0,0.748571428571429,0,,,
19,0.83663967611336,0,0.885344129554656,0,0,0,0,0,0.827408906882591,0,,,
21,0.794261552401087,0,0.899637571730595,0,0,0,0,0,0.793989731199034,0,,,
21,0.793083660525521,0,0.917879794623981,0,0,0,0,0,0.814104500151012,0,,,
21,0.816067653276956,0,0.922742373905165,0,0,0,0,0,0.821987315010571,0,,,
21,0.798882512836001,0,0.907218363032317,0,0,0,0,0,0.800030202355784,0,,,
53,0.729743921315073,0,0.901798624581202,0,0,0,0,0,0.750874821215149,0,,,
31,0.752937788018434,0,0.906019585253456,0,0,0,0,0,0.762288786482335,0,,,
35,0.788953722334004,0,0.930134138162307,0,0,0,0,0,0.786961770623742,0,,,
29,0.743284628872005,0,0.917977790765634,0,0,0,0,0,0.758246639392169,0,,,
2,0.8,0,1,0,0,0,0,0,0.8,0,,,
17,0.831652661064426,0,0.903025210084034,0,0,0,0,0,0.828403361344538,0,,,
18,0.753295400663822,0,0.924419155998103,0,0,0,0,0,0.752916073968706,0,,,
1,1,0,1,0,0,0,0,0,1,0,,,
1,1,0,1,0,0,0,0,0,1,0,,,
1,1,0,1,0,0,0,0,0,1,0,,,
30,0.814881015335802,0,0.929455314648335,0,0,0,0,0,0.799978847170809,0,,,
10,0.825194805194805,0,0.90935064935065,0,0,0,0,0,0.814545454545455,0,,,
21,0.76819691935971,0,0.902536997885835,0,0,0,0,0,0.787375415282392,0,,,
1,1,0,1,0,0,0,0,0,1,0,,,
1,1,0,1,0,0,0,0,0,1,0,,,
1,1,0,1,0,0,0,0,0,1,0,,,
54,0.759023260124177,0,0.926105087572978,0,0,0,0,0,0.753692892225002,0,,,
62,0.725187096774193,0,0.910261136712749,0,0,0,0,0,0.739879569892473,0,,,
21,0.764663243733011,0,0.922017517366355,0,0,0,0,0,0.756871035940804,0,,,
26,0.782615707144009,0,0.912062570553136,0,0,0,0,0,0.771988388969521,0,,,
89,0.723002531751512,0,0.870881928315862,0,0,0,0,0,0.723707655932877,0,,,
26,0.810901467505241,0,0.916610224157394,0,0,0,0,0,0.796742460893404,0,,,
90,0.715153097363043,0,0.878064881711291,0,0,0,0,0,0.72872482949831,0,,,
20,0.752682926829268,0,0.861254355400697,0,0,0,0,0,0.748466898954704,0,,,
22,0.79862977602108,0,0.90403162055336,0,0,0,0,0,0.785191040843215,0,,,
20,0.79787456445993,0,0.885574912891986,0,0,0,0,0,0.804982578397213,0,,,
31,0.732123655913979,0,0.913671274961598,0,0,0,0,0,0.718730798771122,0,,,
1,1,0,1,0,0,0,0,0,1,0,,,
30,0.763447911158118,0,0.918730830248546,0,0,0,0,0,0.721829719725013,0,,,
2,0.8,0,1,0,0,0,0,0,0.8,0,,,
2,1,0,0.92,0,0,0,0,0,1,0,,,
2,1,0,0.8,0,0,0,0,0,1,0,,,
21,0.819993959528843,0,0.906825732407128,0.988221081244337,0.775536091815162,0.886137118695259,0.709725158562368,0.938054968287527,0.812382965871338,0,,,
21,0.780640289942616,0.90749018423437,0.909151313802476,0.984294774992449,0.765478707339172,0.900332225913622,0.695983086680761,0.926306251887647,0.775989127151918,0.865901540320145,,,
21,0.774358199939595,0.909392932648747,0.910027182120205,0.974630021141649,0.763877982482634,0.889459377831471,0.705527031108426,0.95756569012383,0.769767441860465,0.875566294170945,,,
3,0.714285714285714,0.942857142857143,0.95,0.928571428571429,0.935714285714286,1,0.807142857142857,0.814285714285714,0.757142857142857,0.928571428571429,,,
9,0.811578947368421,0.872631578947368,0.875438596491228,0.96140350877193,0.909473684210526,0.880701754385965,0.722456140350877,0.831228070175439,0.786666666666667,0.905263157894737,,,
9,0.787368421052632,0.962456140350877,0.964210526315789,0.982456140350877,0.912982456140351,0.957894736842105,0.713684210526316,0.915789473684211,0.786666666666667,0.835087719298246,,,
12,0.817846153846154,0.925538461538462,0.928307692307692,0.973846153846154,0.810307692307692,0.883076923076923,0.749076923076923,0.862615384615385,0.820923076923077,0.835384615384615,,,
40,0.748599819331527,0.915677506775068,0.922235772357724,0.966440831074978,0.74293586269196,0.9096657633243,0.717104787714544,0.953062330623306,0.752560975609756,0.899503161698284,,,
26,0.806128043863893,0.916223189808096,0.919609740364458,0.968230930495081,0.789501693275278,0.90291888405096,0.683196258667957,0.974939525882922,0.815513626834382,0.911143363973553,,,
1,1,1,1,1,1,1,1,1,1,1,,,
19,0.806761133603239,0.908016194331984,0.90668016194332,0.997570850202429,0.783522267206477,0.911740890688259,0.718097165991903,0.910445344129555,0.819392712550607,0.872064777327935,,,
12,0.796461538461538,0.955846153846154,0.952615384615384,0.989230769230769,0.801230769230769,0.846153846153846,0.756615384615385,0.796769230769231,0.822,0.887692307692308,,,
12,0.806,0.937538461538462,0.940461538461538,0.986153846153846,0.801230769230769,0.846153846153846,0.755846153846154,0.838307692307692,0.81,0.821538461538461,,,
12,0.786307692307692,0.929230769230769,0.942,0.983076923076923,0.801692307692308,0.832307692307692,0.762153846153846,0.863076923076923,0.804769230769231,0.809230769230769,,,
12,0.800153846153846,0.943846153846154,0.939846153846154,0.990769230769231,0.804307692307692,0.846153846153846,0.754307692307692,0.864923076923077,0.861076923076923,0.823076923076923,,,
12,0.842461538461538,0.938307692307692,0.937846153846154,0.986153846153846,0.801230769230769,0.846153846153846,0.755846153846154,0.866615384615385,0.850769230769231,0.807692307692308,,,
12,0.826461538461538,0.941384615384615,0.94,0.986153846153846,0.801230769230769,0.846153846153846,0.756615384615385,0.838307692307692,0.861384615384615,0.821538461538461,,,
61,0.748322606441294,0.928976796378223,0.93130489739588,0.966710090157486,0.774531477731488,0.90842372728328,0.709869600546878,0.953098760495802,0.770685274277386,0.86409307244844,,,
3,0.957142857142857,0.935714285714286,0.928571428571429,1,0.935714285714286,1,0.864285714285714,1,0.985714285714286,0.928571428571429,,,
32,0.774781468531469,0.921931818181818,0.919265734265734,0.981206293706294,0.766398601398602,0.924388111888112,0.674807692307692,0.918618881118882,0.777613636363636,0.850174825174825,,,
14,0.71064039408867,0.803152709359606,0.781970443349753,0.994088669950739,0.933103448275862,0.947783251231527,0.724827586206897,0.972413793103448,0.705911330049261,0.782266009852217,,,
1,1,1,1,1,1,1,1,1,1,1,,,
19,0.721376518218624,0.92085020242915,0.929028340080972,0.987449392712551,0.778056680161943,0.889473684210526,0.733481781376518,0.951943319838057,0.758016194331984,0.893117408906882,,,
28,0.771415607985481,0.885532797511019,0.896603577910293,0.966554316826549,0.788799585169821,0.894866476536168,0.689279232564169,0.927158413274566,0.766774695359087,0.892014519056262,,,
37,0.760119487908961,0.906122332859175,0.905911806543385,0.971152204836415,0.775806543385491,0.883129445234708,0.695829302987198,0.939192034139402,0.732369843527738,0.84375533428165,,,
54,0.767400611620795,0.932588268001112,0.937301454916134,0.971772773607636,0.763447317208785,0.896432212028542,0.716270966546196,0.957744416643499,0.733713279584839,0.875044018163284,,,
4,0.933333333333333,0.726666666666667,0.82,0.766666666666667,0.756666666666667,0.8,0.84,0.926666666666667,0.896666666666667,0.666666666666667,,,
1,1,1,1,1,1,1,1,1,1,1,,,
1,1,1,1,1,1,1,1,1,1,1,,,
1,1,1,1,1,1,1,1,1,1,1,,,
21,0.768076109936575,0.90120809423135,0.896315312594382,0.976442162488674,0.777740863787375,0.881606765327696,0.672576260948354,0.951978254303836,0.775989127151918,0.856236786469345,,,
22,0.800816864295125,0.894123847167326,0.874808959156786,0.982081686429513,0.753148880105402,0.86429512516469,0.722292490118577,0.93372859025033,0.79364953886693,0.854808959156785,,,
3,0.785714285714286,0.735714285714286,0.721428571428571,1,0.964285714285714,1,0.85,0.928571428571429,0.785714285714286,0.714285714285714,,,
20,0.723554006968641,0.901080139372822,0.86376306620209,0.996515679442509,0.759790940766551,0.900348432055749,0.729094076655052,0.894773519163763,0.740975609756097,0.776306620209059,,,
53,0.724655655479143,0.92890142831952,0.917572836458394,0.95893336468191,0.777305589843061,0.909324242246125,0.696833793765552,0.956321636395697,0.710378338133584,0.87842630145575,,,
19,0.692914979757085,0.941012145748988,0.914574898785425,0.981781376518218,0.784089068825911,0.897570850202429,0.73582995951417,0.949919028340081,0.71663967611336,0.894331983805668,,,
19,0.743117408906883,0.935870445344129,0.921133603238866,0.988259109311741,0.784008097165992,0.895951417004049,0.736963562753036,0.94919028340081,0.737854251012146,0.882591093117409,,,
33,0.759358288770053,0.917726873653125,0.892010535557507,0.988027775560699,0.739500359166733,0.902945167212068,0.714167132253173,0.936826562375289,0.736938303136723,0.831670524383431,,,
32,0.772027972027972,0.918435314685315,0.908173076923077,0.985402097902098,0.754807692307692,0.924737762237762,0.712692307692308,0.965078671328672,0.776092657342657,0.88041958041958,,,
31,0.774596774193548,0.925662442396314,0.917626728110599,0.989151305683564,0.749078341013825,0.911002304147466,0.725201612903226,0.95398425499232,0.763133640552996,0.881336405529954,,,
33,0.760667251975417,0.916729188283183,0.885026737967914,0.985952589991221,0.740346396360444,0.920983318700615,0.711253890972943,0.96095458536196,0.75410647298268,0.836858488307128,,,
2,0.8,0.9,0.8,1,0.96,1,0.88,1,0.8,0.8,,,
4,0.833333333333333,0.916666666666667,0.743333333333333,1,0.946666666666667,1,0.866666666666667,1,0.82,0.666666666666667,,,
19,0.789473684210526,0.928825910931174,0.888056680161943,0.98663967611336,0.778178137651822,0.889473684210526,0.736882591093117,0.965384615384616,0.784412955465587,0.893522267206478,,,
1,1,1,1,1,1,1,1,1,1,1,,,
4,0.806666666666667,0.94,0.763333333333333,0.933333333333333,0.946666666666667,1,0.866666666666667,0.976666666666667,0.793333333333333,0.666666666666667,,,
5,0.774545454545454,0.956363636363636,0.856363636363636,0.963636363636364,0.952727272727273,1,0.816363636363636,1,0.832727272727273,0.818181818181818,,,
2,0.8,1,1,1,0.88,0.8,0.96,1,0.8,0.8,,,
1,1,1,1,1,1,1,1,1,1,1,,,
34,0.718209718670077,0.918202411399342,0.894168797953964,0.985531603945926,0.742279868469127,0.929192546583851,0.713109243697479,0.955966386554622,0.71439532334673,0.864669345999269,,,
34,0.769740591888929,0.891085129704055,0.847409572524662,0.990354402630617,0.744493971501644,0.929119473876507,0.721673364998173,0.924026306174644,0.744727804165144,0.848154914139568,,,
5,0.776363636363636,0.967272727272727,0.769090909090909,0.963636363636364,0.952727272727273,1,0.816363636363636,0.987272727272727,0.761818181818182,0.818181818181818,,,
5,0.803636363636364,0.954545454545454,0.834545454545455,0.963636363636364,0.952727272727273,1,0.816363636363636,1,0.798181818181818,0.818181818181818,,,
10,0.744155844155844,0.98025974025974,0.901038961038961,0.966233766233766,0.905974025974026,0.932467532467532,0.717662337662338,0.933246753246753,0.733506493506493,0.784415584415585,,,
10,0.835064935064935,0.934285714285714,0.906233766233766,0.963636363636364,0.915844155844156,0.937662337662338,0.704675324675325,0.901298701298701,0.811168831168831,0.768831168831169,,,
10,0.775844155844156,0.968831168831169,0.923116883116883,0.966233766233766,0.91012987012987,0.937662337662338,0.706233766233766,0.936883116883117,0.769090909090909,0.797402597402597,,,
10,0.82935064935065,0.924415584415585,0.948051948051948,0.958441558441558,0.921818181818182,0.945454545454546,0.69974025974026,0.913506493506494,0.833766233766234,0.755844155844156,,,
1,1,1,1,1,1,1,1,1,1,1,,,
1,1,1,1,1,1,1,1,1,1,1,,,
18,0.770886676149834,0.909577999051684,0.897629208155524,0.988620199146515,0.795827406353722,0.896159317211949,0.703888098624941,0.948980559506875,0.772925557136084,0.871028923660503,,,
18,0.75941204362257,0.909198672356567,0.899383594120436,0.992887624466572,0.792413466097677,0.894736842105264,0.705642484589853,0.946230440967283,0.724940730203888,0.863442389758179,,,
10,0.769350649350649,0.96961038961039,0.944675324675325,0.955844155844156,0.908831168831169,0.927272727272728,0.710909090909091,0.884935064935065,0.81038961038961,0.8,,,
10,0.803636363636364,0.928051948051948,0.947272727272728,0.968831168831169,0.89012987012987,0.901298701298702,0.726753246753247,0.887272727272727,0.818701298701299,0.755844155844156,,,
5,0.876363636363636,0.929090909090909,0.847272727272727,1,0.932727272727273,0.945454545454546,0.783636363636364,0.967272727272727,0.825454545454545,0.872727272727273,,,
2,0.8,1,1,1,0.98,1,0.86,1,0.8,1,,,
7,0.777857142857143,0.921428571428572,0.795,0.928571428571429,0.927142857142857,0.935714285714286,0.766428571428571,0.925714285714286,0.746428571428572,0.6,,,
5,0.72,0.907272727272727,0.82,1,0.934545454545455,0.945454545454546,0.734545454545454,0.978181818181818,0.72,0.818181818181818,,,
18,0.820483641536273,0.902370791844476,0.895495495495496,0.992413466097677,0.816690374585111,0.89995258416311,0.694689426268374,0.946040777619725,0.821005215742058,0.832622095779991,,,
18,0.805737316263632,0.875106685633001,0.850260787102892,0.974869606448554,0.787577050734946,0.899004267425321,0.701327643432907,0.924703651019441,0.828828828828829,0.827406353722143,,,
5,0.778181818181818,0.929090909090909,0.818181818181818,0.927272727272728,0.9,0.890909090909091,0.798181818181818,0.916363636363636,0.758181818181818,0.636363636363636,,,
1,1,1,1,1,1,1,1,1,1,1,,,
10,0.81038961038961,0.948051948051948,0.894025974025974,0.971428571428571,0.887272727272727,0.901298701298702,0.721298701298701,0.880779220779221,0.692207792207792,0.755844155844156,,,
18,0.802892366050261,0.896159317211949,0.88022759601707,0.993361782835467,0.792176386913229,0.901375059269796,0.701280227596017,0.928971076339497,0.815220483641536,0.832147937411095,,,
19,0.78246963562753,0.92246963562753,0.905303643724696,0.995546558704453,0.802591093117409,0.900404858299595,0.70412955465587,0.948016194331984,0.794048582995951,0.850202429149798,,,
5,0.84,0.94,0.823636363636364,0.927272727272728,0.932727272727273,0.945454545454546,0.765454545454546,0.967272727272727,0.814545454545455,0.636363636363636,,,
5,0.847272727272727,0.943636363636364,0.82,0.927272727272728,0.932727272727273,0.945454545454546,0.765454545454546,0.967272727272727,0.821818181818182,0.636363636363636,,,
1,1,1,1,1,1,1,1,1,1,1,,,
1,1,1,1,1,1,1,1,1,1,1,,,
5,0.787272727272727,0.929090909090909,0.818181818181818,0.981818181818182,0.9,0.890909090909091,0.798181818181818,0.916363636363636,0.776363636363636,0.636363636363636,,,
32,0.79590034965035,0.907377622377622,0.913199300699301,0.979108391608392,0.752342657342657,0.905681818181819,0.715506993006993,0.962779720279721,0.783243006993007,0.862325174825175,,,
11,0.837747035573123,0.943873517786561,0.882411067193676,0.966403162055336,0.904150197628459,0.91501976284585,0.721343873517787,0.877272727272727,0.842885375494071,0.802371541501976,,,
1,1,1,1,1,1,1,1,1,1,1,,,
1,1,1,1,1,1,1,1,1,1,1,,,
18,0.723565670934092,0.902038880986249,0.89307728781413,0.991939307728782,0.796538643907065,0.882882882882883,0.697249881460408,0.944713134186819,0.693314366998578,0.857752489331437,,,
18,0.806211474632527,0.900616405879564,0.889900426742532,0.991939307728782,0.816880037932669,0.890943575154102,0.69407302038881,0.936367946894263,0.828639165481271,0.851588430535799,,,
18,0.796159317211949,0.900853485064011,0.873921289710763,0.989568515884306,0.796396396396396,0.897581792318634,0.696680891417734,0.937837837837838,0.792460881934566,0.88809862494073,,,
18,0.83371266002845,0.903461356092935,0.857610241820768,0.995732574679943,0.791465149359886,0.879089615931721,0.705642484589853,0.892650545282124,0.803082029397819,0.873399715504979,,,
20,0.835505226480836,0.906480836236934,0.904216027874564,0.987108013937282,0.812439024390244,0.917421602787456,0.687108013937282,0.91815331010453,0.78794425087108,0.873519163763066,,,
20,0.79390243902439,0.91383275261324,0.893449477351916,0.987108013937282,0.813588850174216,0.920209059233449,0.680243902439024,0.91993031358885,0.767735191637631,0.896864111498258,,,
1,1,1,1,1,1,1,1,1,1,1,,,
19,0.759878542510121,0.936518218623481,0.902995951417004,0.981376518218623,0.775182186234818,0.904858299595142,0.736032388663968,0.964858299595142,0.78,0.901214574898785,,,
19,0.788947368421052,0.944777327935222,0.880404858299595,0.980161943319838,0.775708502024291,0.892712550607287,0.74,0.950688259109312,0.834534412955466,0.866801619433198,,,
1,1,1,1,1,1,1,1,1,1,1,,,
5,0.721818181818182,0.976363636363636,0.965454545454545,0.872727272727273,0.961818181818182,0.945454545454546,0.674545454545455,0.978181818181818,0.718181818181818,0.909090909090909,,,
19,0.763684210526316,0.945506072874494,0.909352226720647,0.984615384615384,0.779109311740891,0.895951417004049,0.735668016194332,0.950202429149798,0.785506072874494,0.897165991902834,,,
23,0.722062904717854,0.904301572617946,0.840587419056429,0.975948196114709,0.772941720629047,0.870490286771508,0.715587419056429,0.920074005550416,0.740587419056429,0.841813135985199,,,
55,0.751325026325026,0.941477711477712,0.919196209196209,0.976289926289926,0.771533871533872,0.907722007722008,0.718804843804844,0.951998946998947,0.755380835380836,0.85972270972271,,,
38,0.746316841053683,0.939213418160786,0.91344970818655,0.982017982017982,0.767085546032915,0.90194016509806,0.714695830485304,0.937399442662601,0.745170618854829,0.863031705136968,,,
22,0.797760210803689,0.924874835309618,0.915678524374177,0.970750988142293,0.808748353096179,0.896442687747036,0.686271409749671,0.969907773386034,0.796021080368907,0.876416337285902,,,
11,0.836166007905139,0.909288537549407,0.925296442687747,0.956521739130435,0.873517786561265,0.841897233201581,0.772134387351779,0.907707509881423,0.821936758893281,0.885375494071146,,,
5,0.836363636363636,0.929090909090909,0.829090909090909,0.981818181818182,0.9,0.945454545454546,0.803636363636364,0.910909090909091,0.836363636363636,0.818181818181818,,,
1,1,1,1,1,1,1,1,1,1,1,,,
60,0.744674163392494,0.940242514564423,0.924607776724022,0.972659531228831,0.766994987129116,0.897778078851104,0.73107438016529,0.95907871562119,0.743989974258231,0.841593280043355,,,
38,0.766601819233398,0.916662285083338,0.904810978495189,0.972816657027183,0.749261265050739,0.892213050107787,0.710494768389505,0.960497397339503,0.73885062306115,0.87523003312477,,,
15,0.822096774193548,0.929274193548387,0.922741935483871,0.951612903225806,0.939112903225806,0.883064516129032,0.681048387096774,0.967258064516129,0.809596774193549,0.918548387096774,,,
35,0.767129443326626,0.92851106639839,0.89562038900067,0.984976525821596,0.748906773977196,0.927766599597586,0.710979208584842,0.962146210596915,0.76654594232059,0.853521126760563,,,
43,0.752686447473937,0.927331049063206,0.905325508493111,0.963658234307794,0.80988918859809,0.917802726543705,0.690380549682875,0.95563534300503,0.746387694102209,0.898520084566596,,,
15,0.823629032258065,0.918629032258064,0.90258064516129,0.966129032258065,0.931129032258065,0.930645161290323,0.713548387096774,0.965,0.824112903225807,0.857258064516129,,,
32,0.773444055944056,0.933566433566434,0.905655594405594,0.989335664335665,0.76062062937063,0.911625874125874,0.728024475524476,0.954064685314686,0.745087412587413,0.867395104895105,,,
3,0.957142857142857,0.935714285714286,0.942857142857143,0.928571428571429,0.935714285714286,1,0.864285714285714,1,0.95,0.928571428571429,,,
1,1,1,1,1,1,1,1,1,1,1,,,
3,0.778571428571429,0.964285714285714,0.928571428571429,1,0.971428571428572,1,0.785714285714286,0.992857142857143,0.75,0.928571428571429,,,
2,0.8,0.9,0.92,1,0.96,0.8,0.92,0.8,0.8,0.8,,,
2,0.8,1,1,1,0.98,0.8,0.9,1,0.8,0.8,,,
2,0.8,1,1,1,0.98,0.8,0.9,1,0.8,0.8,,,
11,0.798221343873518,0.963833992094862,0.927075098814229,0.966403162055336,0.903557312252964,0.891304347826087,0.710474308300395,0.904743083003953,0.809090909090909,0.808300395256917,,,
11,0.837747035573123,0.901581027667984,0.892490118577075,0.966403162055336,0.903754940711463,0.869565217391304,0.7199604743083,0.847233201581028,0.917391304347826,0.772727272727273,,,
11,0.876284584980237,0.926877470355731,0.89901185770751,0.964426877470356,0.902569169960474,0.887351778656127,0.721936758893281,0.870553359683795,0.893083003952569,0.764822134387352,,,
11,0.750197628458498,0.911462450592885,0.893083003952569,0.964426877470356,0.890711462450593,0.855731225296443,0.740909090909091,0.86699604743083,0.768379446640316,0.75098814229249,,,
2,0.8,1,1,1,0.98,0.8,0.9,1,0.8,0.8,,,
30,0.75086197778953,0.90618720253834,0.872448439978847,0.966472765732417,0.788270756213644,0.868852459016394,0.693728186144897,0.904611316763618,0.735864621893178,0.792808038075093,,,
2,0.8,1,1,0.8,0.98,0.8,0.9,1,0.8,0.8,,,
2,0.8,1,1,1,0.98,0.8,0.9,1,0.8,0.8,,,
2,0.8,1,1,1,0.98,0.8,0.9,1,0.8,0.8,,,
11,0.817193675889328,0.924505928853755,0.874505928853755,0.974308300395257,0.911462450592885,0.885375494071146,0.713241106719368,0.926482213438735,0.788932806324111,0.725296442687747,,,
12,0.785538461538461,0.830307692307692,0.888461538461538,0.947692307692307,0.920307692307692,0.853846153846154,0.742769230769231,0.88,0.789076923076923,0.696923076923077,,,
11,0.788537549407115,0.877865612648221,0.905138339920949,0.976284584980237,0.911462450592885,0.885375494071146,0.718181818181818,0.929249011857708,0.755928853754941,0.774703557312253,,,
11,0.783794466403162,0.883201581027668,0.862252964426878,0.984189723320158,0.909288537549407,0.879446640316206,0.726086956521739,0.928853754940712,0.769367588932806,0.776679841897234,,,
1,1,1,1,1,1,1,1,1,1,1,,,
3,0.785714285714286,0.992857142857143,1,1,0.964285714285714,0.714285714285714,0.914285714285714,0.978571428571429,0.785714285714286,0.785714285714286,,,
12,0.774923076923077,0.904615384615385,0.883076923076923,0.986153846153846,0.919692307692308,0.853846153846154,0.740615384615384,0.922923076923077,0.741538461538462,0.798461538461538,,,
27,0.818874458874459,0.933318903318904,0.924920634920635,0.989321789321789,0.723203463203463,0.912842712842713,0.757763347763348,0.964689754689755,0.828326118326118,0.882395382395383,,,
1,1,1,1,1,1,1,1,1,1,1,,,
10,0.86,0.873246753246753,0.828571428571429,0.961038961038961,0.897402597402597,0.901298701298702,0.725714285714286,0.923116883116883,0.864155844155844,0.685714285714286,,,
11,0.745652173913044,0.925889328063241,0.896640316205534,0.992094861660079,0.917588932806324,0.91699604743083,0.71699604743083,0.924110671936759,0.717588932806324,0.685770750988142,,,
11,0.838537549407115,0.919169960474308,0.891699604743083,0.984189723320158,0.911264822134388,0.91699604743083,0.714624505928854,0.942292490118577,0.851778656126482,0.770750988142293,,,
11,0.756126482213439,0.925494071146245,0.892094861660079,0.982213438735178,0.917588932806324,0.91699604743083,0.714624505928854,0.938537549407115,0.780237154150198,0.770750988142293,,,
1,1,1,1,1,1,1,1,1,1,1,,,
13,0.773870573870574,0.915506715506716,0.87960927960928,0.971916971916972,0.928693528693529,0.881562881562882,0.736752136752137,0.947863247863248,0.763858363858364,0.843711843711844,,,
13,0.767887667887668,0.923076923076923,0.87948717948718,0.987789987789988,0.928693528693529,0.881562881562882,0.737728937728938,0.949206349206349,0.784981684981685,0.787545787545787,,,
11,0.805533596837945,0.923517786561265,0.882213438735178,0.992094861660079,0.917588932806324,0.91699604743083,0.715217391304348,0.938537549407115,0.854347826086957,0.770750988142293,,,
13,0.881318681318682,0.923809523809524,0.880708180708181,0.990231990231991,0.928693528693529,0.881562881562882,0.738217338217338,0.938949938949939,0.848351648351648,0.787545787545787,,,
5,0.856363636363636,0.990909090909091,0.965454545454545,0.981818181818182,0.947272727272727,0.836363636363636,0.838181818181818,0.956363636363636,0.905454545454546,0.818181818181818,,,
4,0.833333333333333,0.986666666666667,0.876666666666667,0.966666666666667,0.91,0.8,0.876666666666667,0.89,0.833333333333333,0.8,,,
3,1,0.928571428571429,0.978571428571428,0.928571428571429,0.828571428571429,0.785714285714286,0.957142857142857,0.735714285714286,0.978571428571428,0.928571428571429,,,
13,0.74981684981685,0.906593406593407,0.866544566544567,0.974358974358975,0.928205128205128,0.923076923076923,0.698290598290598,0.952869352869353,0.757387057387058,0.717948717948718,,,
1,1,1,1,1,1,1,1,1,1,1,,,
13,0.765811965811966,0.866178266178266,0.821123321123321,0.887667887667888,0.888400488400488,0.858363858363859,0.736385836385836,0.84932844932845,0.790598290598291,0.716727716727717,,,
15,0.735322580645161,0.936209677419355,0.832822580645161,0.953225806451613,0.900322580645161,0.839516129032258,0.756451612903226,0.942258064516129,0.728629032258065,0.769354838709677,,,
13,0.70989010989011,0.92039072039072,0.909035409035409,0.94017094017094,0.886324786324786,0.857142857142857,0.736996336996337,0.931257631257631,0.737484737484738,0.758241758241758,,,
13,0.813553113553114,0.886813186813187,0.863980463980464,0.962148962148963,0.884371184371184,0.887667887667888,0.74004884004884,0.894261294261294,0.7997557997558,0.694749694749695,,,
2,1,1,1,1,1,1,0.82,1,1,0.8,,,
12,0.786153846153846,0.926153846153846,0.891230769230769,0.978461538461538,0.896153846153846,0.906153846153846,0.729538461538461,0.916153846153846,0.756307692307692,0.669230769230769,,,
1,1,1,1,1,1,1,1,1,1,1,,,
12,0.756615384615385,0.923692307692308,0.842923076923077,0.978461538461538,0.884,0.856923076923077,0.743230769230769,0.884153846153846,0.767692307692308,0.663076923076923,,,
12,0.778923076923077,0.883230769230769,0.825076923076923,0.98,0.884,0.856923076923077,0.743230769230769,0.884615384615385,0.778923076923077,0.72,,,
2,0.8,0.96,0.8,1,0.88,0.8,0.9,0.86,0.8,0.8,,,
1,1,1,1,1,1,1,1,1,1,1,,,
14,0.820295566502463,0.899408866995074,0.810049261083744,0.955665024630542,0.896748768472906,0.882758620689655,0.728177339901478,0.90423645320197,0.757241379310345,0.678817733990148,,,
13,0.795848595848596,0.854822954822955,0.792185592185592,0.973137973137973,0.872893772893773,0.859584859584859,0.751037851037851,0.834798534798535,0.811721611721612,0.678876678876679,,,
10,0.843896103896104,0.868311688311688,0.798961038961039,0.992207792207793,0.921818181818182,0.862337662337662,0.784415584415585,0.929350649350649,0.771948051948052,0.781818181818182,,,
10,0.764675324675325,0.874285714285714,0.851948051948052,0.989610389610389,0.92,0.903896103896104,0.784935064935065,0.926493506493507,0.73974025974026,0.766233766233766,,,
10,0.774285714285714,0.876103896103896,0.852467532467533,0.989610389610389,0.92,0.903896103896104,0.784675324675325,0.926493506493507,0.75948051948052,0.758441558441558,,,
52,0.801078167115903,0.935191789342733,0.908938420070496,0.970599212108646,0.761482479784367,0.885092266224342,0.744864192411363,0.940989010989011,0.788971594443293,0.793530997304582,,,
14,0.766108374384236,0.943743842364532,0.862660098522167,0.969458128078818,0.896059113300493,0.872906403940887,0.736945812807882,0.909261083743842,0.743645320197044,0.641379310344827,,,
15,0.80491935483871,0.863548387096774,0.917661290322581,0.937096774193549,0.853306451612903,0.841129032258065,0.744596774193548,0.902338709677419,0.809677419354839,0.798387096774194,,,
13,0.850915750915751,0.913797313797314,0.910744810744811,0.984126984126984,0.882539682539683,0.868131868131868,0.730525030525031,0.924175824175824,0.834798534798535,0.793650793650794,,,
13,0.762515262515263,0.868742368742369,0.843101343101343,0.964590964590965,0.878144078144078,0.874236874236875,0.73015873015873,0.920634920634921,0.761782661782662,0.765567765567766,,,
13,0.812942612942613,0.922344322344322,0.867032967032967,0.976800976800977,0.879242979242979,0.870573870573871,0.728937728937729,0.921123321123321,0.77948717948718,0.778998778998779,,,
13,0.800854700854701,0.905738705738706,0.873504273504274,0.968253968253968,0.880463980463981,0.877899877899878,0.724297924297924,0.923443223443224,0.773260073260073,0.774114774114774,,,
13,0.810989010989011,0.915140415140415,0.902197802197802,0.973137973137973,0.879242979242979,0.870573870573871,0.727716727716728,0.918559218559219,0.784126984126984,0.78021978021978,,,
23,0.728260869565217,0.878977798334875,0.86572617946346,0.93686401480111,0.736008325624422,0.824468085106383,0.7631822386679,0.930596669750231,0.740379278445883,0.814292321924144,,,
17,0.78593837535014,0.892436974789916,0.875406162464986,0.968067226890756,0.775070028011204,0.817366946778712,0.757983193277311,0.915182072829132,0.794509803921569,0.82296918767507,,,
17,0.754453781512605,0.883305322128851,0.881344537815126,0.970868347338936,0.77641456582633,0.826330532212886,0.757591036414566,0.934509803921569,0.778711484593837,0.831372549019608,,,
14,0.811724137931034,0.930147783251232,0.86807881773399,0.971428571428571,0.908669950738916,0.850246305418719,0.748965517241379,0.919901477832512,0.781379310344828,0.745812807881773,,,
36,0.715457238059978,0.930470196223621,0.869005306676539,0.971923978773294,0.74020733061829,0.841848698013082,0.734110823151919,0.912970504751327,0.72843391336542,0.82315191904233,,,
39,0.733203505355404,0.931066212268744,0.887624148003895,0.954527750730282,0.760058422590068,0.887049659201558,0.747740993184031,0.916333982473223,0.728729308666018,0.814897760467381,,,
39,0.770296981499513,0.954386562804285,0.899761441090555,0.955744888023369,0.753451801363194,0.85983446932814,0.734493670886076,0.942999026290166,0.757925998052581,0.841041869522882,,,
39,0.738583252190847,0.950365141187926,0.911718597857839,0.957692307692308,0.749931840311587,0.864021421616359,0.736426484907498,0.952117818889971,0.73620253164557,0.844888023369036,,,
39,0.797672833495619,0.941066212268744,0.914897760467381,0.956864654333009,0.746397273612464,0.853992210321324,0.739347614410906,0.94699123661149,0.771645569620253,0.843086660175268,,,
13,0.700732600732601,0.926739926739927,0.874114774114774,0.953601953601954,0.87997557997558,0.841269841269841,0.725396825396825,0.939316239316239,0.737240537240537,0.775335775335776,,,
13,0.857142857142857,0.897680097680098,0.878998778998779,0.947496947496948,0.877411477411477,0.873015873015873,0.731623931623932,0.921123321123321,0.848595848595849,0.764346764346765,,,
13,0.781440781440781,0.904029304029304,0.877899877899878,0.96947496947497,0.886935286935287,0.865689865689866,0.717582417582418,0.936019536019536,0.762393162393162,0.78021978021978,,,
17,0.750028011204482,0.920224089635854,0.876470588235294,0.976470588235294,0.831484593837535,0.82296918767507,0.729467787114846,0.940672268907563,0.74218487394958,0.803361344537815,,,
8,0.850490196078431,0.93578431372549,0.807843137254902,0.970588235294118,0.919607843137255,0.901960784313726,0.800980392156863,0.968137254901961,0.836764705882353,0.803921568627451,,,
8,0.892156862745098,0.93578431372549,0.82843137254902,0.965686274509804,0.908333333333334,0.887254901960784,0.816666666666667,0.96764705882353,0.877450980392157,0.946078431372549,,,
5,0.834545454545455,0.916363636363636,0.927272727272727,0.945454545454546,0.890909090909091,0.781818181818182,0.901818181818182,0.969090909090909,0.845454545454546,0.927272727272727,,,
13,0.766300366300367,0.926984126984127,0.892551892551892,0.964590964590965,0.885592185592186,0.874236874236875,0.71953601953602,0.923565323565324,0.778388278388278,0.727716727716728,,,
13,0.851037851037851,0.921367521367521,0.893650793650794,0.973137973137973,0.887057387057387,0.862026862026862,0.716727716727717,0.932234432234432,0.806471306471307,0.797313797313798,,,
15,0.725322580645161,0.892016129032258,0.886532258064516,0.956451612903226,0.871209677419355,0.85241935483871,0.729596774193548,0.917903225806452,0.767983870967742,0.812096774193548,,,
13,0.841758241758242,0.877533577533578,0.873626373626374,0.98046398046398,0.892673992673993,0.865689865689866,0.717948717948718,0.930891330891331,0.862393162393163,0.7997557997558,,,
5,0.812727272727273,0.934545454545455,0.963636363636364,0.981818181818182,0.890909090909091,0.654545454545454,0.887272727272727,0.909090909090909,0.82,0.8,,,
11,0.805138339920949,0.908893280632411,0.931818181818182,0.968379446640316,0.896245059288538,0.786561264822135,0.804347826086957,0.956521739130435,0.796837944664032,0.760869565217391,,,
8,0.842156862745098,0.930882352941176,0.837254901960784,0.965686274509803,0.907352941176471,0.862745098039216,0.811274509803922,0.953921568627451,0.848039215686274,0.941176470588235,,,
13,0.853479853479853,0.907814407814408,0.928815628815629,0.981684981684982,0.895238095238095,0.871794871794872,0.716239316239316,0.932722832722833,0.833943833943834,0.781440781440781,,,
13,0.848107448107448,0.896459096459096,0.923809523809524,0.978021978021978,0.895238095238095,0.871794871794872,0.715018315018315,0.946520146520147,0.826495726495727,0.811965811965812,,,
39,0.782624148003895,0.937429406037001,0.908743914313535,0.949026290165531,0.748281402142162,0.870301850048685,0.736226874391431,0.933787731256086,0.765111976630964,0.838656280428432,,,
3,0.907142857142857,0.892857142857143,0.714285714285714,1,0.921428571428571,0.928571428571429,0.85,1,0.928571428571429,1,,,
3,0.928571428571429,0.9,0.928571428571428,1,0.921428571428571,0.785714285714286,0.835714285714286,0.957142857142857,0.928571428571429,1,,,
3,0.978571428571428,0.871428571428571,0.714285714285714,1,0.921428571428571,0.785714285714286,0.835714285714286,0.957142857142857,0.828571428571429,0.928571428571428,,,
3,0.928571428571429,0.8,0.771428571428571,0.928571428571429,0.842857142857143,0.928571428571429,0.935714285714286,0.935714285714286,0.935714285714286,0.785714285714286,,,
11,0.74901185770751,0.920158102766798,0.924703557312253,0.952569169960474,0.883201581027668,0.83399209486166,0.761067193675889,0.917588932806324,0.759090909090909,0.835968379446641,,,
1,1,1,1,1,1,1,1,1,1,1,,,
4,0.933333333333333,1,0.996666666666667,1,0.953333333333334,1,0.836666666666667,0.946666666666667,0.876666666666667,0.866666666666667,,,
1,1,1,1,1,1,1,1,1,1,1,,,
5,0.805454545454545,0.852727272727273,0.82,1,0.881818181818182,0.945454545454546,0.821818181818182,0.865454545454545,0.823636363636364,0.909090909090909,,,
18,0.787861545756283,0.905879563774301,0.947937411095306,0.911806543385491,0.788430535798957,0.781887150308203,0.757373162636321,0.932005689900426,0.794926505452821,0.727833096254149,,,
5,0.82,0.9,0.996363636363636,0.854545454545455,0.889090909090909,0.636363636363637,0.843636363636364,0.932727272727273,0.841818181818182,0.781818181818182,,,
13,0.886324786324786,0.911843711843712,0.873504273504274,0.974358974358975,0.892551892551893,0.880341880341881,0.714285714285714,0.933699633699634,0.88937728937729,0.768009768009768,,,
13,0.773626373626374,0.924664224664225,0.948595848595849,0.973137973137973,0.897557997557998,0.875457875457876,0.706227106227106,0.936019536019536,0.744200244200244,0.800976800976801,,,
13,0.777045177045177,0.90976800976801,0.937728937728938,0.973137973137973,0.892551892551893,0.880341880341881,0.712087912087912,0.940903540903541,0.836752136752137,0.78021978021978,,,
20,0.798536585365854,0.920452961672474,0.899616724738676,0.979094076655052,0.822090592334495,0.945993031358885,0.717212543554007,0.952229965156794,0.766550522648084,0.870034843205575,,,
20,0.757142857142857,0.927003484320558,0.923066202090592,0.989547038327526,0.846480836236934,0.916376306620209,0.703310104529617,0.921463414634146,0.760104529616725,0.881881533101045,,,
1,1,1,1,1,1,1,1,1,1,1,,,
6,0.861538461538462,0.771428571428572,0.813186813186813,0.956043956043956,0.857142857142857,0.637362637362637,0.832967032967033,0.797802197802198,0.847252747252748,0.945054945054945,,,
13,0.828205128205128,0.936263736263736,0.925030525030525,0.978021978021978,0.88949938949939,0.862026862026862,0.71037851037851,0.930647130647131,0.787912087912088,0.736263736263737,,,
15,0.758387096774194,0.909193548387097,0.934112903225806,0.970161290322581,0.872177419354839,0.842741935483871,0.714274193548387,0.92483870967742,0.753951612903226,0.801612903225806,,,
1,1,1,1,1,1,1,1,1,1,1,,,
15,0.845564516129032,0.913629032258064,0.899596774193548,0.967741935483871,0.876129032258065,0.844354838709678,0.714435483870968,0.92758064516129,0.764274193548387,0.80241935483871,,,
34,0.803551333576909,0.924311289733285,0.917391304347826,0.975009134088418,0.795147972232371,0.889075630252101,0.713723054439167,0.92955791012057,0.780964559736938,0.788966021191085,,,
13,0.703418803418804,0.959340659340659,0.934432234432235,0.976800976800977,0.902808302808303,0.881562881562882,0.733821733821734,0.92967032967033,0.702808302808303,0.777777777777778,,,
12,0.834461538461538,0.890153846153846,0.919538461538461,0.972307692307692,0.904307692307692,0.886153846153846,0.713384615384615,0.920307692307692,0.756923076923077,0.755384615384615,,,
30,0.814955050237969,0.91028027498678,0.895473294553147,0.979058699101005,0.779725013220518,0.858593336858805,0.716499206768906,0.888693812797462,0.793738762559493,0.754098360655738,,,
18,0.791986723565671,0.911332385016596,0.904409672830726,0.981981981981982,0.837932669511617,0.908961593172119,0.703651019440493,0.891465149359886,0.78018018018018,0.824561403508772,,,
30,0.830978318350079,0.904251718667372,0.880973030142782,0.979587519830778,0.781459545214173,0.848863035430989,0.714669487043892,0.909169751454258,0.797207826546801,0.772289793759916,,,
3,0.864285714285714,0.928571428571429,0.928571428571428,1,0.964285714285714,1,0.864285714285714,0.964285714285714,0.907142857142857,1,,,
1,1,1,1,1,1,1,1,1,1,1,,,
13,0.783150183150183,0.883882783882784,0.892063492063492,0.94993894993895,0.905006105006105,0.89010989010989,0.717216117216117,0.914652014652015,0.773992673992674,0.731379731379731,,,
3,0.907142857142857,0.971428571428571,1,1,0.957142857142857,1,0.821428571428571,0.914285714285714,0.864285714285714,1,,,
13,0.766788766788767,0.947374847374847,0.953235653235654,0.970695970695971,0.894627594627595,0.851037851037851,0.723809523809524,0.921489621489622,0.722954822954823,0.72039072039072,,,
13,0.85006105006105,0.944566544566545,0.93943833943834,0.969474969474969,0.894505494505495,0.881562881562882,0.724786324786325,0.922832722832723,0.812210012210012,0.703296703296703,,,
15,0.725887096774194,0.949435483870968,0.89741935483871,0.969354838709677,0.897580645161291,0.875,0.743225806451613,0.941935483870968,0.665161290322581,0.767741935483871,,,
15,0.74241935483871,0.959516129032258,0.930564516129032,0.97258064516129,0.895564516129032,0.854838709677419,0.725806451612903,0.942903225806452,0.703387096774194,0.70483870967742,,,
16,0.791176470588235,0.959558823529412,0.933155080213904,0.980614973262032,0.91798128342246,0.88168449197861,0.710561497326203,0.945387700534759,0.772125668449198,0.707219251336898,,,
15,0.751612903225806,0.960564516129032,0.934677419354839,0.978225806451613,0.904032258064516,0.869354838709677,0.721048387096774,0.938870967741936,0.763467741935484,0.759677419354839,,,
12,0.737230769230769,0.936,0.936307692307692,0.963076923076923,0.900769230769231,0.86923076923077,0.718923076923077,0.908769230769231,0.731538461538462,0.710769230769231,,,
20,0.789372822299651,0.927003484320558,0.932787456445993,0.970731707317073,0.77822299651568,0.907317073170731,0.734912891986063,0.948222996515679,0.792229965156794,0.896864111498258,,,
20,0.779686411149826,0.946689895470383,0.911672473867596,0.973519163763067,0.777212543554007,0.902090592334495,0.73411149825784,0.953693379790941,0.783344947735192,0.896515679442509,,,
15,0.794274193548387,0.953790322580645,0.92508064516129,0.982258064516129,0.907661290322581,0.866129032258065,0.715887096774194,0.9425,0.793387096774194,0.731451612903226,,,
20,0.82397212543554,0.952961672473867,0.915818815331011,0.97595818815331,0.777282229965157,0.904529616724739,0.731951219512195,0.933275261324042,0.816480836236934,0.886062717770035,,,
13,0.777167277167277,0.949206349206349,0.933455433455433,0.960927960927961,0.893284493284493,0.851037851037851,0.721489621489622,0.922954822954823,0.775946275946276,0.710622710622711,,,
20,0.766202090592335,0.956376306620209,0.91808362369338,0.962020905923345,0.771777003484321,0.907665505226481,0.737247386759582,0.936724738675958,0.743135888501742,0.884668989547038,,,
12,0.786923076923077,0.939538461538461,0.931692307692308,0.953846153846154,0.898769230769231,0.86923076923077,0.718769230769231,0.906615384615385,0.794461538461538,0.710769230769231,,,
4,0.763333333333333,0.91,0.886666666666667,0.966666666666667,0.983333333333333,0.966666666666667,0.71,0.99,0.766666666666667,0.866666666666667,,,
13,0.754700854700855,0.924908424908425,0.914652014652015,0.958485958485958,0.910500610500611,0.879120879120879,0.70952380952381,0.919291819291819,0.696336996336996,0.741147741147741,,,
9,0.809824561403509,0.854385964912281,0.861052631578947,0.866666666666667,0.798245614035088,0.859649122807017,0.785263157894737,0.923508771929825,0.751929824561403,0.789473684210526,,,
13,0.843589743589744,0.925641025641026,0.925030525030525,0.979242979242979,0.902686202686203,0.831501831501831,0.699389499389499,0.913308913308913,0.792185592185592,0.752136752136752,,,
16,0.787366310160428,0.900868983957219,0.909024064171123,0.982620320855615,0.883689839572192,0.779411764705882,0.729946524064171,0.923729946524064,0.801671122994652,0.800802139037433,,,
39,0.714561830574489,0.936767283349562,0.913432327166504,0.967185978578384,0.759834469328141,0.841285296981499,0.72062317429406,0.918675754625122,0.739936708860759,0.844498539435249,,,
13,0.763369963369963,0.93028083028083,0.892918192918193,0.932844932844933,0.897557997557998,0.868131868131868,0.708302808302808,0.944200244200244,0.762271062271062,0.715506715506716,,,
13,0.721245421245421,0.910744810744811,0.938705738705739,0.956043956043956,0.893894993894994,0.857142857142857,0.716483516483517,0.867277167277167,0.765445665445666,0.746031746031746,,,
12,0.835076923076923,0.941230769230769,0.902,0.956923076923077,0.893076923076923,0.873846153846154,0.726,0.9,0.858461538461538,0.673846153846154,,,
13,0.745421245421246,0.908791208791209,0.894139194139194,0.960927960927961,0.893894993894994,0.857142857142857,0.716483516483517,0.89035409035409,0.734798534798535,0.746031746031746,,,
1,1,1,1,1,1,1,1,1,1,1,,,
1,1,1,1,1,1,1,1,1,1,1,,,
13,0.755189255189255,0.932600732600733,0.894627594627595,0.947496947496948,0.8996336996337,0.876678876678877,0.717948717948718,0.907326007326007,0.769474969474969,0.738705738705739,,,
13,0.807814407814408,0.93003663003663,0.918803418803419,0.954822954822955,0.903418803418803,0.881562881562882,0.713675213675214,0.912454212454213,0.808913308913309,0.769230769230769,,,
13,0.74957264957265,0.929304029304029,0.898778998778999,0.95970695970696,0.903418803418803,0.881562881562882,0.713675213675214,0.912454212454213,0.742735042735043,0.76068376068376,,,
37,0.768546230440967,0.92826173541963,0.929701280227596,0.966543385490754,0.761928876244666,0.943271692745377,0.718833570412518,0.961137980085348,0.74427880512091,0.870896159317212,,,
13,0.830647130647131,0.931257631257631,0.925641025641026,0.952380952380952,0.8996336996337,0.876678876678877,0.717094017094017,0.907326007326007,0.845787545787546,0.726495726495727,,,
19,0.833036437246964,0.90336032388664,0.914089068825911,0.98663967611336,0.824493927125506,0.784210526315789,0.72497975708502,0.935141700404858,0.801052631578947,0.832388663967611,,,
3,0.807142857142857,0.928571428571428,0.985714285714286,1,0.971428571428572,0.928571428571429,0.778571428571429,0.942857142857143,0.785714285714286,0.785714285714286,,,
3,0.85,0.928571428571428,0.985714285714286,1,0.971428571428572,0.928571428571429,0.778571428571429,0.942857142857143,0.785714285714286,0.928571428571428,,,
22,0.67270092226614,0.907931488801054,0.932042160737813,0.982872200263505,0.819288537549407,0.887483530961792,0.720816864295125,0.893359683794467,0.715204216073781,0.795256916996048,,,
33,0.779695107350946,0.938614414558225,0.930337616729188,0.97038869822013,0.749612898076463,0.896879240162823,0.726251097453907,0.945007582408812,0.762008141112619,0.868784420145263,,,
39,0.723519961051607,0.939537487828627,0.914956183057449,0.971372930866602,0.756134371957157,0.91713729308666,0.726606621226874,0.963003894839338,0.731402142161636,0.891577409931841,,,
32,0.764798951048951,0.934956293706294,0.936905594405595,0.970367132867133,0.754169580419581,0.908653846153847,0.718557692307692,0.956232517482518,0.748872377622378,0.878409090909091,,,
9,0.782456140350877,0.878947368421053,0.865614035087719,0.919298245614035,0.910526315789474,0.866666666666667,0.749824561403509,0.948421052631579,0.753333333333333,0.803508771929825,,,
33,0.750626546412324,0.936211988187406,0.921821374411366,0.963923697022907,0.755016362040067,0.900231463005827,0.723880597014926,0.937457099529092,0.765807327001357,0.871897198499481,,,
39,0.719303797468355,0.93667964946446,0.904513145082765,0.960564751703992,0.749410905550146,0.884664070107108,0.720676728334956,0.967380720545278,0.698076923076923,0.883641674780915,,,
19,0.71582995951417,0.89161943319838,0.924898785425101,0.921457489878542,0.778461538461538,0.780566801619433,0.750971659919028,0.920526315789474,0.770080971659919,0.819028340080972,,,
54,0.796182003521453,0.89651376146789,0.916977110555092,0.944954128440367,0.760253915299787,0.818200352145306,0.724266518394959,0.938752664257251,0.779260494856825,0.818478361597628,,,
33,0.772112698539389,0.961122196504111,0.904733019395004,0.95769814031447,0.756596695666055,0.871737568840291,0.727240801340889,0.935437784340331,0.791938702210871,0.830473301939501,,,
36,0.759514994446501,0.939411329137356,0.930963840552882,0.980377637911885,0.761471060101197,0.900962606442058,0.717289892632358,0.96990620757744,0.765531284709367,0.896026163149451,,,
32,0.776311188811189,0.937447552447552,0.930506993006993,0.976136363636364,0.764903846153846,0.91687062937063,0.713601398601399,0.941512237762238,0.803409090909091,0.878146853146853,,,
32,0.780288461538462,0.930952797202797,0.934921328671329,0.973251748251748,0.749143356643357,0.91451048951049,0.719833916083916,0.939169580419581,0.801407342657343,0.898863636363637,,,
33,0.756141751137361,0.939340729507542,0.933202969111661,0.969909809242558,0.753643546971027,0.900710351983399,0.72328198579296,0.943355415436188,0.734527895282944,0.878442014526299,,,
1,1,1,1,1,1,1,1,1,1,1,,,
1,1,1,1,1,1,1,1,1,1,1,,,
1,1,1,1,1,1,1,1,1,1,1,,,
1,1,1,1,1,1,1,1,1,1,1,,,
1,1,1,1,1,1,1,1,1,1,1,,,
3,0.785714285714286,0.978571428571428,0.971428571428571,0.928571428571429,0.935714285714286,1,0.785714285714286,0.842857142857143,0.785714285714286,0.928571428571429,,,
1,1,1,1,1,1,1,1,1,1,1,,,
2,1,0.98,0.84,1,0.88,1,1,0.98,1,1,,,
1,1,1,1,1,1,1,1,1,1,1,,,
1,1,1,1,1,1,1,1,1,1,1,,,
3,0.978571428571428,0.942857142857143,0.928571428571428,1,0.864285714285714,0.785714285714286,0.892857142857143,1,0.935714285714286,1,,,
12,0.761538461538461,0.934,0.904615384615384,0.970769230769231,0.940153846153846,0.924615384615384,0.715076923076923,0.987230769230769,0.775230769230769,0.884615384615385,,,
12,0.734769230769231,0.939230769230769,0.935538461538461,0.963076923076923,0.938461538461539,0.88,0.691076923076923,0.988923076923077,0.706615384615385,0.906153846153846,,,
12,0.849384615384615,0.925076923076923,0.931076923076923,0.972307692307692,0.939538461538462,0.884615384615384,0.694307692307692,0.984461538461538,0.824769230769231,0.915384615384615,,,
12,0.863384615384615,0.929076923076923,0.93476923076923,0.967692307692307,0.943076923076923,0.883076923076923,0.695692307692308,0.975846153846154,0.873692307692308,0.915384615384615,,,
1,1,1,1,1,1,1,1,1,1,1,,,
20,0.760662020905923,0.914390243902439,0.938850174216028,0.975609756097561,0.774912891986063,0.876655052264808,0.713797909407665,0.913763066202091,0.767560975609756,0.872473867595819,,,
20,0.761777003484321,0.90404181184669,0.958292682926829,0.984668989547038,0.771254355400697,0.863763066202091,0.703519163763066,0.900034843205575,0.776550522648084,0.881184668989547,,,
38,0.749061464850939,0.946064461853935,0.927724906672275,0.974288869025711,0.763936063936064,0.905725853094274,0.706383090593617,0.953993375046007,0.742462800357537,0.889846995110153,,,
38,0.738177611861822,0.94669015195331,0.932357116567643,0.966033966033966,0.744965560755035,0.799568852200431,0.735317314264683,0.926778484673221,0.731626268468374,0.873284610126716,,,
5,0.745454545454545,0.854545454545454,0.84,0.945454545454546,0.981818181818182,0.945454545454546,0.750909090909091,0.881818181818182,0.703636363636364,0.836363636363636,,,
15,0.828467741935484,0.963145161290323,0.923145161290323,0.960483870967742,0.886935483870968,0.895161290322581,0.735806451612903,0.937983870967742,0.821209677419355,0.741129032258065,,,
57,0.785116389173834,0.912637891580526,0.900793813619506,0.954233409610984,0.767961808569399,0.842846997553855,0.706012783082143,0.938235619032589,0.767931823561903,0.84156868933954,,,
22,0.71836627140975,0.912911725955204,0.92832674571805,0.976548089591568,0.791594202898551,0.879841897233202,0.68437417654809,0.960474308300395,0.754624505928854,0.872727272727273,,,
20,0.668048780487805,0.897351916376307,0.955087108013937,0.97979094076655,0.77588850174216,0.862369337979094,0.693658536585366,0.89616724738676,0.664668989547038,0.869686411149826,,,
21,0.754243430987617,0.931470854726669,0.898127453941408,0.967985502869224,0.847055270311084,0.933554817275748,0.694593778314709,0.878254303835699,0.759136212624585,0.869525823014195,,,
5,0.867272727272727,0.863636363636364,0.823636363636364,0.818181818181818,0.938181818181818,0.818181818181818,0.816363636363636,0.792727272727273,0.858181818181818,0.818181818181818,,,
26,0.763892920496694,0.950620867602,0.876681180454765,0.961941622318981,0.740945008869537,0.882438316400581,0.743170456378004,0.950072568940494,0.747637477826157,0.897435897435897,,,
1,1,1,1,1,1,1,1,1,1,1,,,
1,1,1,1,1,1,1,1,1,1,1,,,
1,1,1,1,1,1,1,1,1,1,1,,,
1,1,1,1,1,1,1,1,1,1,1,,,
1,1,1,1,1,1,1,1,1,1,1,,,
4,0.746666666666667,0.946666666666667,0.873333333333333,0.9,0.966666666666667,0.966666666666667,0.81,0.966666666666667,0.723333333333333,0.933333333333333,,,
35,0.759584171696848,0.933702213279678,0.91336686787391,0.973373574782025,0.762769953051643,0.864721663313212,0.718618376928236,0.948993963782696,0.742354124748491,0.853655264922871,,,
1,1,1,1,1,1,1,1,1,1,1,,,
1,1,1,1,1,1,1,1,1,1,1,,,
35,0.785647216633132,0.934352783366868,0.915674044265593,0.981958417169685,0.762971160295104,0.858350100603621,0.721301140174379,0.957726358148893,0.779771965124078,0.860429242119383,,,
35,0.677692823608316,0.912515090543259,0.92177733065057,0.965593561368209,0.759000670690811,0.841247484909456,0.725378940308518,0.954728370221328,0.683977196512408,0.869751844399732,,,
4,0.803333333333333,0.766666666666666,0.943333333333333,0.933333333333333,0.966666666666667,0.9,0.78,0.903333333333333,0.83,0.933333333333333,,,
7,0.81,0.930714285714286,0.837857142857143,0.95,0.806428571428572,0.957142857142857,0.836428571428571,0.855,0.841428571428571,0.75,,,
1,1,1,1,1,1,1,1,1,1,1,,,
1,1,1,1,1,1,1,1,1,1,1,,,
1,1,1,1,1,1,1,1,1,1,1,,,
1,1,1,1,1,1,1,1,1,1,1,,,
3,0.807142857142857,0.942857142857143,1,0.928571428571429,0.8,0.928571428571429,0.864285714285714,0.928571428571429,0.785714285714286,0.714285714285714,,,
1,1,1,1,1,1,1,1,1,1,1,,,
3,0.907142857142857,0.928571428571428,0.9,0.785714285714286,0.964285714285714,1,0.721428571428571,0.828571428571429,0.928571428571429,0.714285714285714,,,
4,0.806666666666667,0.933333333333333,0.936666666666667,0.966666666666667,0.966666666666667,0.9,0.78,0.966666666666667,0.81,0.933333333333333,,,
4,0.886666666666667,0.966666666666667,0.936666666666667,0.966666666666667,0.966666666666667,0.833333333333333,0.81,0.933333333333333,0.876666666666667,0.933333333333333,,,
35,0.708940308517773,0.915338698859825,0.926022803487592,0.979007377598927,0.758095238095238,0.870355466130114,0.715969148222669,0.9580348759222,0.729175050301811,0.868276324614352,,,
5,0.84,0.836363636363636,0.930909090909091,0.945454545454546,0.885454545454545,0.763636363636364,0.836363636363636,0.887272727272727,0.754545454545455,0.836363636363636,,,
4,0.75,0.866666666666667,0.956666666666667,0.966666666666667,0.966666666666667,0.833333333333333,0.81,0.946666666666667,0.813333333333333,0.933333333333333,,,
22,0.740579710144928,0.932121212121212,0.924268774703557,0.983135704874836,0.794782608695652,0.883267457180501,0.684505928853755,0.9566534914361,0.737760210803689,0.86772068511199,,,
22,0.741923583662714,0.917707509881423,0.957259552042161,0.982608695652174,0.794703557312253,0.883267457180501,0.67828722002635,0.926903820816864,0.762239789196311,0.904611330698287,,,
1,1,1,1,1,1,1,1,1,1,1,,,
27,0.782424242424243,0.943145743145743,0.917301587301587,0.967532467532468,0.745714285714286,0.887590187590188,0.734978354978355,0.954776334776335,0.808311688311688,0.898701298701299,,,
1,1,1,1,1,1,1,1,1,1,1,,,
1,1,1,1,1,1,1,1,1,1,1,,,
1,1,1,1,1,1,1,1,1,1,1,,,
20,0.807491289198606,0.897630662020906,0.903623693379791,0.968641114982578,0.781010452961673,0.856794425087108,0.698641114982578,0.91822299651568,0.786759581881533,0.818118466898955,,,
12,0.832615384615385,0.848153846153846,0.841384615384615,0.958461538461539,0.938615384615385,0.884615384615385,0.706769230769231,0.911076923076923,0.790769230769231,0.9,,,
1,1,1,1,1,1,1,1,1,1,1,,,
1,1,1,1,1,1,1,1,1,1,1,,,
1,1,1,1,1,1,1,1,1,1,1,,,
20,0.793101045296167,0.909686411149826,0.926550522648084,0.98780487804878,0.77198606271777,0.862020905923345,0.713310104529617,0.920452961672474,0.82397212543554,0.87212543554007,,,
5,0.738181818181818,0.82,0.836363636363636,0.945454545454546,0.967272727272727,0.890909090909091,0.727272727272727,0.923636363636364,0.807272727272727,0.927272727272727,,,
26,0.768101919045315,0.918545395903886,0.86966618287373,0.948072891469118,0.744315432994678,0.907273020480568,0.747331075632962,0.935591033704242,0.777503628447025,0.892597968069666,,,
14,0.702857142857143,0.959901477832512,0.954778325123153,0.951724137931034,0.899211822660099,0.85615763546798,0.71615763546798,0.92039408866995,0.739014778325123,0.737931034482759,,,
14,0.767783251231527,0.911724137931034,0.900295566502463,0.958620689655172,0.898226600985222,0.868965517241379,0.718128078817734,0.90256157635468,0.761674876847291,0.749753694581281,,,
14,0.787586206896552,0.913497536945813,0.90128078817734,0.963546798029557,0.898226600985222,0.868965517241379,0.718128078817734,0.903054187192118,0.829458128078818,0.726108374384237,,,
15,0.791693548387097,0.920887096774193,0.883548387096774,0.961290322580645,0.901693548387097,0.881451612903226,0.712983870967742,0.905887096774194,0.769596774193548,0.704838709677419,,,
105,0.756237656647207,0.87800411338639,0.828525440400608,0.897691649314649,0.777935897599673,0.840939691623766,0.738891940573064,0.904133825577088,0.752862891378496,0.775194491639096,,,
1,1,1,1,1,1,1,1,1,1,1,,,
2,0.8,1,1,1,0.98,1,0.86,1,0.8,1,,,
20,0.784494773519164,0.915679442508711,0.954878048780488,0.986062717770035,0.773031358885017,0.840418118466899,0.717108013937282,0.930766550522648,0.782752613240418,0.871080139372823,,,
20,0.755679442508711,0.867142857142857,0.899790940766551,0.906620209059234,0.78006968641115,0.829268292682927,0.748710801393728,0.917351916376307,0.74588850174216,0.776306620209059,,,
14,0.713300492610837,0.926009852216749,0.929458128078817,0.954679802955665,0.893891625615763,0.866995073891625,0.717832512315271,0.901773399014778,0.748669950738916,0.742857142857143,,,
14,0.868472906403941,0.856945812807882,0.903940886699508,0.968472906403941,0.891330049261084,0.858128078817734,0.718423645320197,0.894187192118227,0.879605911330049,0.722167487684729,,,
15,0.736532258064516,0.934112903225806,0.918548387096774,0.955645161290323,0.896854838709678,0.886290322580645,0.720645161290323,0.910564516129032,0.743064516129032,0.686290322580645,,,
40,0.719715447154472,0.922714543812105,0.930537488708221,0.943586269196026,0.762691960252936,0.843721770551039,0.738026196928636,0.94176603432701,0.72406955736224,0.786946702800362,,,
40,0.755067750677507,0.918952122854562,0.929421860885276,0.945573622402891,0.749268292682927,0.8386630532972,0.743039747064138,0.939024390243903,0.786409214092141,0.803974706413731,,,
15,0.91741935483871,0.90983870967742,0.932903225806452,0.962903225806452,0.90008064516129,0.888709677419355,0.715806451612903,0.915483870967742,0.912903225806452,0.729032258064516,,,
15,0.775241935483871,0.927016129032258,0.927983870967742,0.967741935483871,0.897258064516129,0.884677419354839,0.715645161290323,0.914032258064516,0.789112903225807,0.739516129032258,,,
26,0.727592323818739,0.940606353813901,0.911611030478955,0.971456216739236,0.78034188034188,0.879051765844219,0.747540719238833,0.956394129979036,0.732478632478632,0.86840832123851,,,
19,0.758380566801619,0.926801619433198,0.911538461538462,0.963967611336033,0.767287449392712,0.915384615384616,0.739919028340081,0.942874493927125,0.736275303643725,0.858299595141701,,,
21,0.678163696768348,0.950226517668378,0.912594382361824,0.970401691331924,0.755572334642102,0.893989731199034,0.738900634249472,0.935457565690124,0.668378133494413,0.901238296587134,,,
6,0.830769230769231,0.886813186813187,0.959340659340659,0.967032967032967,0.835164835164835,0.659340659340659,0.847252747252747,0.91978021978022,0.807692307692308,0.956043956043956,,,
1,1,1,1,1,1,1,1,1,1,1,,,
23,0.742483811285846,0.9527289546716,0.933649398704903,0.978029602220166,0.743015726179463,0.899629972247918,0.736563367252544,0.939569842738205,0.715587419056429,0.858001850138761,,,
33,0.742421581929923,0.947809082927608,0.92466278234496,0.967036475377125,0.737449118046133,0.87397238406896,0.732612339372656,0.943211748742917,0.743993934072951,0.870460531566765,,,
15,0.766048387096774,0.938467741935484,0.952338709677419,0.918548387096774,0.896209677419355,0.845161290322581,0.714677419354839,0.908467741935484,0.727822580645161,0.669354838709677,,,
27,0.732135642135642,0.950735930735931,0.903015873015873,0.972294372294373,0.747734487734488,0.8995670995671,0.734083694083694,0.963852813852814,0.73995670995671,0.890909090909091,,,
23,0.754833487511563,0.899074930619796,0.941281221091582,0.991211840888067,0.793177613320999,0.887141535615171,0.724930619796485,0.914801110083256,0.745767807585569,0.843432007400555,,,
16,0.821189839572192,0.944786096256685,0.934625668449198,0.970588235294118,0.902339572192513,0.908422459893048,0.700668449197861,0.936229946524064,0.783489304812834,0.684491978609626,,,
23,0.759620721554117,0.904602220166513,0.93031914893617,0.993987049028677,0.794195189639223,0.880203515263645,0.721322849213691,0.940032377428307,0.767876965772433,0.814061054579094,,,
2,0.8,1,1,1,0.92,1,0.88,1,0.8,0.8,,,
2,0.8,1,1,1,0.92,1,0.88,1,0.8,0.8,,,
38,0.745228455754772,0.922151532677849,0.890688259109312,0.961827646038172,0.758383721541616,0.863031705136968,0.722135758977864,0.94137967295862,0.762232504337768,0.78716020821284,,,
1,1,1,1,1,1,1,1,1,1,1,,,
26,0.736961780358007,0.937284308982422,0.914562167392356,0.952749556523141,0.764086437671343,0.876471536848895,0.745412030317691,0.953201096597323,0.755732946298984,0.890824060635381,,,
38,0.698186024501814,0.937126031862874,0.912692570587307,0.971607340028393,0.757647615542352,0.863872969136127,0.722356590777644,0.940969556759031,0.716094431883906,0.771281350228719,,,
23,0.725277520814061,0.888436632747456,0.942506938020352,0.991443108233117,0.779787234042553,0.882978723404255,0.714523589269195,0.904648473635523,0.725948196114709,0.814292321924144,,,
31,0.731854838709678,0.923751920122888,0.898003072196621,0.958141321044547,0.754003456221198,0.892665130568357,0.734254992319509,0.965946620583718,0.736059907834102,0.884408602150538,,,
31,0.748607910906298,0.911261520737327,0.887980030721967,0.944220430107527,0.761472734254993,0.877304147465438,0.733755760368664,0.94531490015361,0.75739247311828,0.857622887864823,,,
21,0.798036846874056,0.964180006040471,0.894110540622169,0.98671096345515,0.762488674116581,0.888251283600121,0.730262760495319,0.940652370884929,0.779009362730293,0.903050437934159,,,
23,0.725601295097132,0.907608695652174,0.931822386679001,0.993061979648474,0.77895467160037,0.882747456059205,0.707377428307123,0.920397779833487,0.724768732654949,0.839269195189639,,,
27,0.753275613275613,0.901385281385282,0.913578643578644,0.965512265512266,0.738686868686869,0.8997113997114,0.737835497835498,0.955901875901876,0.753333333333333,0.907503607503608,,,
2,1,1,0.98,1,0.98,1,0.8,1,1,0.8,,,
26,0.758280922431866,0.947992259313014,0.890936945653927,0.975649088856636,0.783486534429931,0.891307853572005,0.735929688759877,0.951910982099661,0.75982905982906,0.880986937590711,,,
26,0.816336074826641,0.930833736494114,0.921802935010482,0.962909208192227,0.764908885663603,0.883567166586035,0.747363328495404,0.956877922915659,0.807418158361555,0.885341074020319,,,
2,1,1,1,1,0.92,1,0.88,1,1,0.8,,,
1,1,1,1,1,1,1,1,1,1,1,,,
2,1,0.8,0.8,1,0.98,1,0.8,1,1,0.8,,,
12,0.762153846153846,0.884769230769231,0.868307692307692,0.870769230769231,0.822,0.846153846153846,0.750307692307692,0.899538461538461,0.802307692307692,0.730769230769231,,,
2,1,1,1,1,0.92,1,0.88,1,1,0.8,,,
2,1,1,1,1,0.92,1,0.88,1,1,0.8,,,
2,0.8,1,0.96,1,0.92,1,0.88,1,0.8,0.8,,,
12,0.761230769230769,0.930307692307692,0.875076923076923,0.895384615384615,0.822615384615384,0.88,0.750307692307692,0.899846153846154,0.781538461538461,0.769230769230769,,,
12,0.838923076923077,0.954615384615385,0.916,0.924615384615384,0.821692307692308,0.867692307692307,0.752615384615385,0.898461538461538,0.856615384615385,0.726153846153846,,,
61,0.80300395970644,0.913892507513124,0.915206820497608,0.951954701990172,0.757121667462047,0.831486760134656,0.727105286917491,0.946064154983168,0.793149836839458,0.833176406856612,,,
2,1,1,1,1,0.92,1,0.88,1,1,0.8,,,
37,0.743146514935988,0.938805120910384,0.91329160739687,0.963072546230441,0.760825035561878,0.87800853485064,0.724216216216216,0.947840682788051,0.746031294452347,0.777809388335704,,,
33,0.805331630616969,0.923186207997446,0.916880836459414,0.971027216856892,0.749860324048208,0.919706281427089,0.726123393726555,0.952470268975976,0.790334424136005,0.884029052597973,,,
1,1,1,1,1,1,1,1,1,1,1,,,
21,0.809694956206584,0.956931440652371,0.889489580187255,0.974327997583812,0.759679855028692,0.902144367260647,0.741014799154334,0.96191482935669,0.788613711869526,0.883720930232559,,,
24,0.721102040816327,0.942673469387755,0.918387755102041,0.913061224489796,0.758469387755102,0.850816326530612,0.712040816326531,0.926877551020408,0.729938775510204,0.680408163265306,,,
26,0.780712788259958,0.929350104821803,0.903725205611998,0.948395420093533,0.756378003547815,0.861635220125786,0.750556361877117,0.951540074181584,0.744783099500081,0.881470730527334,,,
20,0.732857142857143,0.902473867595819,0.946202090592335,0.970034843205575,0.754076655052265,0.862020905923345,0.727282229965157,0.910766550522648,0.714390243902439,0.850871080139373,,,
2,1,1,0.88,1,0.92,1,0.88,1,1,0.8,,,
2,1,1,0.9,1,0.92,1,0.88,1,1,0.8,,,
5,0.932727272727273,0.861818181818182,0.961818181818182,0.8,0.938181818181818,0.818181818181818,0.816363636363636,0.969090909090909,0.901818181818182,0.927272727272727,,,
24,0.728122448979592,0.904877551020408,0.935979591836735,0.991020408163266,0.772571428571429,0.864285714285715,0.735714285714286,0.936938775510204,0.733428571428572,0.84795918367347,,,
27,0.788152958152958,0.93025974025974,0.904444444444445,0.954112554112554,0.758311688311688,0.901443001443001,0.723549783549784,0.947907647907648,0.77023088023088,0.831457431457432,,,
22,0.715783926218709,0.939604743083004,0.905428194993412,0.971541501976285,0.769169960474308,0.899604743083004,0.739868247694335,0.952595520421608,0.726218708827404,0.875098814229249,,,
27,0.777835497835498,0.931385281385282,0.915266955266955,0.958874458874459,0.756796536796537,0.9,0.722077922077922,0.953939393939394,0.797878787878788,0.827272727272728,,,
30,0.815050237969329,0.922570068746695,0.915483870967742,0.961924907456372,0.835219460602856,0.902168164992068,0.68748810153358,0.959301956636701,0.824463246959281,0.798413537810682,,,
25,0.720669683257919,0.902099547511312,0.910606334841629,0.917647058823529,0.777502262443439,0.797285067873303,0.743493212669683,0.942660633484163,0.745484162895927,0.753846153846154,,,
20,0.783484320557491,0.920592334494774,0.940452961672474,0.98397212543554,0.811742160278746,0.926132404181185,0.68198606271777,0.939024390243903,0.773554006968641,0.865156794425087,,,
65,0.781081513905942,0.926839267602626,0.924278012064271,0.962419260129183,0.794213420167619,0.880916030534351,0.709373832274596,0.952027972027972,0.752790263171942,0.815171088453531,,,
50,0.74422597553873,0.916985439720442,0.891475829935935,0.94774606872452,0.751538730343623,0.847198602213162,0.727002912055912,0.942520675596972,0.725884682585906,0.785952242283052,,,
22,0.691146245059289,0.939947299077734,0.913280632411067,0.960210803689065,0.762345191040843,0.888274044795784,0.746930171277997,0.954993412384717,0.725612648221344,0.87536231884058,,,
5,0.945454545454546,0.796363636363636,0.943636363636364,0.890909090909091,0.938181818181818,0.818181818181818,0.816363636363636,0.972727272727273,0.918181818181818,0.636363636363636,,,
17,0.800728291316527,0.924145658263305,0.887843137254902,0.95406162464986,0.814453781512605,0.863305322128852,0.703249299719888,0.911260504201681,0.785098039215686,0.68515406162465,,,
75,0.704912513070756,0.924484489369118,0.878444057162774,0.943987452073893,0.757571976298362,0.880968978738236,0.726462181944929,0.952185430463576,0.715814569536424,0.837818055071453,,,
13,0.734310134310134,0.967032967032967,0.943589743589744,0.971916971916972,0.947130647130647,0.946275946275946,0.66984126984127,0.940537240537241,0.742124542124542,0.897435897435897,,,
4,0.873333333333333,0.946666666666667,0.936666666666667,1,0.966666666666667,0.966666666666667,0.76,0.966666666666667,0.86,0.933333333333333,,,
1,1,1,1,1,1,1,1,1,1,1,,,
12,0.842615384615385,0.812923076923077,0.807076923076923,0.878461538461538,0.819692307692308,0.876923076923077,0.758615384615385,0.851230769230769,0.824,0.729230769230769,,,
50,0.755352358765288,0.923226557949913,0.906331974373908,0.934117647058824,0.751354688410018,0.814839836924869,0.742029120559115,0.938290040768783,0.784675596971462,0.770506697728597,,,
2,1,1,1,1,0.92,1,0.88,1,1,0.8,,,
12,0.836307692307692,0.893846153846154,0.818,0.9,0.822615384615385,0.895384615384615,0.752769230769231,0.924769230769231,0.847846153846154,0.764615384615385,,,
39,0.781027263875365,0.923724440116845,0.910389483933788,0.942405063291139,0.752653359298929,0.857740993184031,0.737000973709835,0.943461538461538,0.768446932814022,0.757059396299903,,,
39,0.723724440116845,0.925189873417722,0.912132424537488,0.946932814021422,0.760004868549172,0.848296007789679,0.736879259980526,0.941587147030185,0.717814021421616,0.757448880233691,,,
22,0.748880105401845,0.912885375494071,0.907140974967062,0.978656126482214,0.791225296442688,0.882476943346509,0.681449275362319,0.934835309617919,0.763530961791831,0.86429512516469,,,
22,0.776890645586298,0.924057971014493,0.896337285902503,0.97733860342556,0.786403162055336,0.882740447957839,0.68231884057971,0.923162055335968,0.757391304347826,0.887483530961792,,,
14,0.759408866995074,0.927684729064039,0.913694581280788,0.958620689655172,0.924729064039409,0.900492610837439,0.706502463054187,0.985812807881773,0.749458128078818,0.852216748768473,,,
18,0.791228070175439,0.934803224276909,0.903793266951162,0.969179706021812,0.843338074917022,0.879563774300617,0.686391654812707,0.945424371740161,0.803556187766714,0.715979137031769,,,
22,0.777971014492754,0.937022397891963,0.911040843214756,0.98866930171278,0.797654808959157,0.893807641633729,0.682608695652174,0.921159420289855,0.788168642951252,0.84163372859025,,,
22,0.762239789196311,0.917707509881423,0.886429512516469,0.981554677206851,0.801106719367589,0.90935441370224,0.682424242424242,0.922450592885376,0.784743083003953,0.8566534914361,,,
22,0.743952569169961,0.884216073781291,0.853544137022398,0.973913043478261,0.804005270092227,0.889855072463768,0.679420289855072,0.905217391304348,0.759367588932806,0.865876152832674,,,
1,1,1,1,1,1,1,1,1,1,1,,,
1,1,1,1,1,1,1,1,1,1,1,,,
22,0.755256916996048,0.906587615283268,0.879920948616601,0.983926218708828,0.797628458498024,0.906982872200264,0.68505928853755,0.912648221343874,0.763820816864295,0.856389986824769,,,
6,0.826373626373626,0.898901098901099,0.92967032967033,0.967032967032967,0.835164835164835,0.659340659340659,0.847252747252747,0.957142857142857,0.835164835164835,0.945054945054945,,,
74,0.763574823145293,0.9251122800653,0.913889352439688,0.951053872664611,0.754778160711047,0.879093052784328,0.724406312352621,0.960327952113187,0.768741520043534,0.826816615272992,,,
2,0.8,1,1,1,0.98,1,0.86,1,0.8,1,,,
2,0.8,1,1,1,0.98,1,0.86,1,0.8,1,,,
37,0.744147937411095,0.92854054054054,0.925911806543385,0.945376955903271,0.772682788051209,0.877268847795164,0.732022759601707,0.96101280227596,0.77949359886202,0.823499288762447,,,
22,0.778471673254282,0.929802371541502,0.930750988142293,0.98866930171278,0.801554677206851,0.905138339920949,0.677707509881423,0.9300395256917,0.763162055335969,0.876416337285903,,,
46,0.721965921637672,0.945128465280058,0.894998657157351,0.976365969383188,0.799916445346304,0.882725075348393,0.700337202709558,0.923836949061502,0.704834233535257,0.779266509504342,,,
22,0.758102766798419,0.883162055335968,0.889644268774704,0.906719367588933,0.773201581027668,0.937285902503294,0.71201581027668,0.951488801054019,0.768827404479578,0.864822134387352,,,
22,0.790065876152833,0.945480895915679,0.936337285902503,0.95467720685112,0.778840579710145,0.948616600790514,0.717733860342556,0.976864295125165,0.778761528326746,0.852173913043478,,,
59,0.758759435977781,0.921371599487252,0.885784076342401,0.948440393106395,0.758501637943313,0.882652043868395,0.718693918245264,0.936835208659735,0.78294687366472,0.79220908702464,,,
47,0.757505599104144,0.924465285554311,0.882777155655095,0.940285554311311,0.752138857782755,0.865229563269877,0.732161254199328,0.946010638297873,0.77471444568869,0.776679731243001,,,
23,0.786147086031452,0.907169287696577,0.854394079555967,0.988436632747456,0.781429232192414,0.900555041628122,0.716258094357077,0.897039777983349,0.785152636447734,0.814061054579094,,,
1,1,1,1,1,1,1,1,1,1,1,,,
39,0.791173320350536,0.906888997078871,0.911080817916261,0.930525803310613,0.753826679649465,0.844206426484907,0.73039435248296,0.937565725413827,0.800866601752678,0.744303797468354,,,
22,0.80403162055336,0.954861660079052,0.919051383399209,0.983135704874835,0.773675889328063,0.896969696969697,0.733913043478261,0.957523056653491,0.822793148880106,0.868511198945982,,,
22,0.740843214756258,0.958234519104084,0.918814229249012,0.980237154150198,0.771462450592885,0.898550724637681,0.736442687747036,0.956785243741766,0.707272727272727,0.87536231884058,,,
1,1,1,1,1,1,1,1,1,1,1,,,
23,0.782284921369103,0.899306197964847,0.854949121184089,0.992830712303423,0.781706753006475,0.892460684551341,0.714523589269195,0.901549491211841,0.772941720629047,0.83418131359852,,,
22,0.756284584980237,0.940527009222661,0.910750988142292,0.972332015810277,0.772173913043478,0.906192358366271,0.729644268774704,0.953201581027668,0.769776021080369,0.862450592885375,,,
22,0.713833992094862,0.947536231884058,0.921422924901186,0.984453227931489,0.774413702239789,0.906719367588933,0.726745718050066,0.954281949934124,0.698155467720685,0.853754940711463,,,
1,1,1,1,1,1,1,1,1,1,1,,,
28,0.723191599688877,0.95295566502463,0.911317085817993,0.973813844957221,0.763598651801919,0.886958776250973,0.721947109152191,0.94224786103189,0.689694062743065,0.831604874254602,,,
54,0.749847094801223,0.938535816884441,0.891850616254286,0.97251413214716,0.786127328329163,0.838476508201279,0.716365489759985,0.943239736817718,0.725358168844407,0.839217866740802,,,
13,0.781929181929182,0.946764346764347,0.847374847374847,0.908424908424909,0.841391941391941,0.923076923076923,0.767521367521368,0.958119658119659,0.792673992673993,0.83028083028083,,,
22,0.761264822134387,0.911699604743083,0.86,0.988405797101449,0.814940711462451,0.927536231884058,0.692384716732543,0.933465085638999,0.754387351778656,0.83030303030303,,,
71,0.712729406743491,0.943470731146787,0.900508060015102,0.967587576742506,0.799952395022817,0.901572605797958,0.702476279588955,0.960811254473226,0.715456022850389,0.840859844380971,,,
56,0.701455519329297,0.935647747687804,0.901292501164416,0.962439284050836,0.821822809235478,0.93763723467962,0.700297757668508,0.947280258167543,0.703544813360836,0.890478408410406,,,
22,0.791436100131753,0.951462450592885,0.896627140974967,0.971541501976285,0.763557312252965,0.898814229249012,0.738339920948617,0.95931488801054,0.778945981554677,0.881159420289855,,,
22,0.784216073781291,0.905718050065876,0.845612648221344,0.993148880105402,0.820632411067194,0.948880105401845,0.686139657444005,0.914650856389987,0.791014492753623,0.831357048748354,,,
22,0.730909090909091,0.925849802371542,0.866903820816864,0.983662714097497,0.797417654808959,0.927536231884058,0.692463768115942,0.955388669301713,0.715494071146245,0.858761528326746,,,
1,1,1,1,1,1,1,1,1,1,1,,,
22,0.721264822134388,0.928300395256917,0.87399209486166,0.99631093544137,0.794071146245059,0.940974967061923,0.687562582345191,0.927826086956522,0.711805006587615,0.818445322793149,,,
22,0.727193675889328,0.930619235836627,0.874492753623189,0.993675889328063,0.79638998682477,0.943083003952569,0.685006587615283,0.961106719367589,0.746060606060606,0.826613965744401,,,
1,1,1,1,1,1,1,1,1,1,1,,,
2,0.8,0.92,0.8,0.8,0.9,1,0.96,0.98,0.8,1,,,
2,0.8,0.8,0.9,0.8,0.94,0.8,0.92,0.86,0.8,1,,,
2,0.8,0.82,1,1,0.9,1,0.96,0.8,0.8,1,,,
2,1,0.8,0.98,1,0.98,1,0.88,0.8,1,0.8,,,
1,1,1,1,1,1,1,1,1,1,1,,,
1,1,1,1,1,1,1,1,1,1,1,,,
43,0.78420208500401,0.93473427134213,0.91607129838886,0.946198148283152,0.7745935700226,0.862579281183932,0.713975359043523,0.940052489611431,0.761547714514836,0.807064226871765,,,
43,0.778697966027557,0.931588539768171,0.902620835459649,0.946088794926004,0.757789604140847,0.859007071517096,0.722235182620106,0.943074287380622,0.787632135306554,0.790150907632865,,,
26,0.760845024995968,0.890195129817771,0.825221738429286,0.989195291082084,0.761522335107241,0.920174165457184,0.712417352039994,0.921851314304144,0.776245766811805,0.844379938719561,,,
27,0.802380952380953,0.943722943722944,0.935122655122655,0.965800865800866,0.800764790764791,0.946608946608947,0.691269841269841,0.960909090909091,0.808845598845599,0.880519480519481,,,
2,1,1,1,1,0.98,1,0.86,0.8,1,0.8,,,
2,1,1,1,1,0.98,1,0.86,0.8,1,0.8,,,
70,0.737081210668265,0.902732993706922,0.892873838777345,0.956573483453915,0.760997474206944,0.841166145811036,0.724084935142771,0.934595659060748,0.727710090329209,0.809572327582516,,,
70,0.748932745408622,0.915727556830344,0.89434650455927,0.960006849608288,0.760088188706708,0.861877648871955,0.721555717282418,0.946147523438503,0.738606104713387,0.825745965152617,,,
26,0.789388808256733,0.903692952749556,0.842622157716497,0.994033220448315,0.766473149492017,0.903402676987583,0.719142073859055,0.890114497661667,0.774826640864377,0.810030640219319,,,
26,0.758925979680697,0.908079342041606,0.814820190291888,0.995162070633769,0.764344460570876,0.904854055797452,0.720270924044509,0.89058216416707,0.768875987743912,0.845347524592807,,,
1,1,1,1,1,1,1,1,1,1,1,,,
23,0.769842738205365,0.931984273820537,0.845744680851064,0.995605920444034,0.816327474560592,0.93432007400555,0.708487511563367,0.905457909343201,0.763968547641073,0.854995374653099,,,
23,0.76059204440333,0.935684551341351,0.865518038852914,0.994449583718779,0.793038852913969,0.938020351526365,0.704555966697502,0.93290934320074,0.767969472710453,0.889685476410731,,,
23,0.783279370952821,0.925670675300648,0.854162812210916,0.990055504162813,0.784505087881591,0.922987974098057,0.711447733580018,0.917599444958372,0.763991674375578,0.870027752081406,,,
23,0.784551341350601,0.934736355226642,0.846322849213691,0.988436632747456,0.802890841813136,0.934551341350601,0.692206290471786,0.887488436632748,0.775508788159112,0.895467160037002,,,
24,0.751714285714286,0.936775510204082,0.878551020408163,0.992244897959184,0.797632653061225,0.941836734693878,0.693122448979592,0.933530612244898,0.766285714285714,0.894081632653061,,,
24,0.773857142857143,0.940938775510204,0.87765306122449,0.990408163265306,0.805428571428572,0.944081632653061,0.691755102040816,0.914857142857143,0.813918367346939,0.863877551020409,,,
16,0.815106951871658,0.962834224598931,0.93475935828877,0.958556149732621,0.904612299465241,0.901737967914438,0.697593582887701,0.937433155080214,0.797994652406417,0.695855614973262,,,
16,0.775267379679144,0.937032085561497,0.919786096256684,0.959224598930481,0.898328877005348,0.891711229946524,0.69331550802139,0.929478609625668,0.75548128342246,0.663101604278075,,,
13,0.720512820512821,0.883516483516483,0.938949938949939,0.957264957264957,0.906227106227106,0.905982905982906,0.781807081807082,0.924786324786325,0.739194139194139,0.750915750915751,,,
31,0.779963517665131,0.932939708141321,0.908755760368664,0.980318740399386,0.782901305683564,0.938652073732719,0.677745775729647,0.955817972350231,0.747916666666667,0.831125192012289,,,
26,0.739283986453798,0.920883728430898,0.855797452023867,0.987582647960007,0.776455410417675,0.898726011933559,0.724318658280922,0.910433800999839,0.761651346557007,0.839219480728914,,,
23,0.804394079555967,0.925994449583719,0.848612395929695,0.975485661424607,0.819010175763182,0.916512488436633,0.691975023126734,0.914616096207215,0.784898242368178,0.82631822386679,,,
16,0.786497326203208,0.859558823529412,0.832820855614973,0.934491978609626,0.909090909090909,0.883021390374332,0.699264705882353,0.913101604278075,0.776270053475936,0.691844919786096,,,
23,0.7209065679926,0.917414431082331,0.860962072155412,0.988899167437557,0.798704902867715,0.919056429232193,0.694403330249769,0.937835337650324,0.711979648473636,0.873265494912119,,,
37,0.764910384068279,0.880699857752489,0.839761024182077,0.950953058321479,0.787487908961593,0.88199146514936,0.685570412517781,0.88227027027027,0.787317211948791,0.784409672830725,,,
28,0.779362198599948,0.927417682136375,0.869497018408089,0.985869847031371,0.780619652579725,0.903422348975888,0.700298159191081,0.902035260565206,0.752450090744102,0.855846512833809,,,
38,0.780324938219675,0.942362900257637,0.90622009569378,0.972080551027919,0.754761028445239,0.932383406067617,0.723387139176613,0.953735737946264,0.790809190809191,0.847836374152164,,,
24,0.760489795918368,0.949938775510204,0.914428571428571,0.961224489795918,0.763367346938776,0.909591836734694,0.728244897959184,0.945897959183674,0.742489795918367,0.87734693877551,,,
24,0.803551020408163,0.947469387755102,0.902510204081633,0.962040816326531,0.761102040816327,0.917755102040817,0.728591836734694,0.924183673469388,0.790816326530612,0.862244897959184,,,
24,0.826857142857143,0.948510204081633,0.925102040816327,0.95469387755102,0.750795918367347,0.920612244897959,0.731408163265306,0.94965306122449,0.829734693877551,0.857959183673469,,,
25,0.787457013574661,0.943547511312217,0.907058823529412,0.959457013574661,0.769122171945701,0.910769230769231,0.720018099547511,0.959420814479638,0.780814479638009,0.845429864253394,,,
86,0.733888036489888,0.919769991331797,0.902193472426308,0.9373247238459,0.765524194482944,0.847425729264686,0.722268009697262,0.944066453129128,0.761396832165984,0.829106618891119,,,
25,0.751638009049774,0.92731221719457,0.909556561085973,0.989864253393665,0.778515837104072,0.896832579185521,0.690171945701357,0.951076923076923,0.774226244343891,0.894660633484163,,,
25,0.753755656108597,0.917339366515837,0.908923076923077,0.987692307692308,0.778533936651584,0.893755656108597,0.693393665158371,0.929466063348416,0.76579185520362,0.866968325791855,,,
1,1,1,1,1,1,1,1,1,1,1,,,
3,0.728571428571429,0.928571428571429,0.95,1,0.971428571428572,1,0.785714285714286,0.992857142857143,0.728571428571429,0.928571428571429,,,
2,0.8,1,1,1,0.98,1,0.86,1,0.8,1,,,
2,0.8,1,1,1,0.98,1,0.88,1,0.8,1,,,
2,0.8,1,1,1,0.98,1,0.86,1,0.8,1,,,
12,0.817692307692308,0.912615384615385,0.913692307692308,0.983076923076923,0.954923076923077,0.976923076923077,0.692,0.962923076923077,0.796,0.792307692307692,,,
3,0.928571428571429,0.978571428571428,0.928571428571428,1,0.935714285714286,0.785714285714286,0.835714285714286,0.985714285714286,0.928571428571429,1,,,
27,0.745656565656566,0.915411255411256,0.902092352092352,0.983116883116883,0.777763347763348,0.915151515151515,0.675209235209235,0.952597402597403,0.799163059163059,0.846608946608946,,,
8,0.792647058823529,0.925490196078431,0.907843137254902,0.980392156862745,0.952450980392157,0.96078431372549,0.701960784313725,0.930882352941177,0.795098039215686,0.843137254901961,,,
8,0.907843137254902,0.928431372549019,0.91421568627451,0.995098039215687,0.952450980392157,0.96078431372549,0.701960784313725,0.933823529411764,0.865196078431373,0.843137254901961,,,
23,0.788251618871415,0.919056429232192,0.938529139685477,0.984505087881591,0.784736355226642,0.919056429232193,0.693917668825162,0.953538390379279,0.787627197039778,0.85268270120259,,,
25,0.777882352941177,0.914352941176471,0.899511312217195,0.983710407239819,0.776633484162896,0.887601809954751,0.708162895927602,0.954552036199095,0.807800904977376,0.824796380090498,,,
23,0.806753006475486,0.928098982423682,0.911679000925069,0.983811285846439,0.808117483811286,0.910268270120259,0.694102682701203,0.936123959296947,0.787604070305273,0.838112858464385,,,