TestTargetsPerCommit,RL,RF,RRF,MART,RankNet,RankBoost,Coordinate Ascent,LambdaMART,RLMLP,kNN,lang,normal,RPA
11,0.789723320158103,0,0,0,0,0,0,0,0.783794466403162,0,,,
15,0.826290322580645,0,0.925967741935484,0,0,0,0,0,0.79741935483871,0,,,
85,0.760434396524828,0,0.863847169222646,0,0,0,0,0,0.758715050279598,0,,,
11,0.758498023715415,0,0.935770750988142,0,0,0,0,0,0.761462450592885,0,,,
2,0.8,0,1,0,0,0,0,0,0.8,0,,,
1,1,0,1,0,0,0,0,0,1,0,,,
11,0.796245059288538,0,0.953557312252964,0,0,0,0,0,0.820750988142292,0,,,
1,1,0,1,0,0,0,0,0,1,0,,,
3,0.978571428571428,0,0.928571428571429,0,0,0,0,0,0.935714285714286,0,,,
7,0.836428571428571,0,0.817857142857143,0,0,0,0,0,0.814285714285714,0,,,
57,0.744237355006707,0,0.939024698177227,0,0,0,0,0,0.752319103606092,0,,,
6,0.762637362637363,0,0.935164835164835,0,0,0,0,0,0.8,0,,,
57,0.755609563639233,0,0.960871143375681,0,0,0,0,0,0.739504458297167,0,,,
57,0.756291328020201,0,0.947882900654936,0,0,0,0,0,0.726945474631106,0,,,
45,0.773422519509476,0,0.933065774804905,0,0,0,0,0,0.753505335244466,0,,,
7,0.802142857142857,0,0.946428571428571,0,0,0,0,0,0.787857142857143,0,,,
38,0.787764866712235,0,0.901577369998423,0,0,0,0,0,0.803012776696987,0,,,
1,1,0,1,0,0,0,0,0,1,0,,,
1,1,0,1,0,0,0,0,0,1,0,,,
19,0.757206477732793,0,0.882267206477733,0,0,0,0,0,0.772793522267206,0,,,
9,0.768070175438597,0,0.772631578947369,0,0,0,0,0,0.792631578947369,0,,,
45,0.76232839624144,0,0.931304347826087,0,0,0,0,0,0.755152094282529,0,,,
23,0.823889916743756,0,0.871970397779834,0,0,0,0,0,0.827705827937095,0,,,
21,0.812624584717608,0,0.880277861673211,0,0,0,0,0,0.758109332527937,0,,,
21,0.777348233162187,0,0.919389912413169,0,0,0,0,0,0.749290244639082,0,,,
21,0.754575656901239,0,0.96118997281788,0,0,0,0,0,0.802295379039565,0,,,
1,1,0,1,0,0,0,0,0,1,0,,,
3,0.8,0,0.914285714285714,0,0,0,0,0,0.842857142857143,0,,,
2,1,0,0.8,0,0,0,0,0,1,0,,,
6,0.775824175824176,0,0.984615384615385,0,0,0,0,0,0.759340659340659,0,,,
22,0.795889328063241,0,0.863847167325428,0,0,0,0,0,0.809749670619236,0,,,
3,0.907142857142857,0,0.714285714285714,0,0,0,0,0,0.842857142857143,0,,,
1,1,0,1,0,0,0,0,0,1,0,,,
1,1,0,1,0,0,0,0,0,1,0,,,
21,0.770643310178194,0,0.909966777408638,0,0,0,0,0,0.745998187858653,0,,,
2,1,0,1,0,0,0,0,0,1,0,,,
1,1,0,1,0,0,0,0,0,1,0,,,
4,0.846666666666667,0,0.95,0,0,0,0,0,0.856666666666667,0,,,
11,0.785375494071146,0,0.793083003952569,0,0,0,0,0,0.790513833992095,0,,,
10,0.768311688311689,0,0.86987012987013,0,0,0,0,0,0.764675324675325,0,,,
21,0.789157354273633,0,0.949803684687406,0,0,0,0,0,0.803171247357294,0,,,
102,0.764036439107966,0,0.894967614324916,0,0,0,0,0,0.758389213132566,0,,,
24,0.741020408163265,0,0.808367346938776,0,0,0,0,0,0.780367346938776,0,,,
32,0.749178321678322,0,0.905865384615385,0,0,0,0,0,0.736162587412587,0,,,
113,0.751201451056592,0,0.915026807203577,0,0,0,0,0,0.761480726102809,0,,,
33,0.742222044855934,0,0.907095538351026,0,0,0,0,0,0.656141751137361,0,,,
15,0.830806451612903,0,0.942338709677419,0,0,0,0,0,0.83241935483871,0,,,
108,0.754753684052293,0,0.927541725973215,0,0,0,0,0,0.770754942995251,0,,,
2,1,0,1,0,0,0,0,0,1,0,,,
1,1,0,1,0,0,0,0,0,1,0,,,
1,1,0,1,0,0,0,0,0,1,0,,,
1,1,0,1,0,0,0,0,0,1,0,,,
1,1,0,1,0,0,0,0,0,1,0,,,
24,0.720612244897959,0,0.920551020408163,0,0,0,0,0,0.724571428571429,0,,,
57,0.782548725637181,0,0.927046476761619,0,0,0,0,0,0.770733054525369,0,,,
4,0.89,0,0.7,0,0,0,0,0,0.906666666666667,0,,,
3,0.842857142857143,0,0.714285714285714,0,0,0,0,0,0.842857142857143,0,,,
24,0.788918367346939,0,0.889489795918368,0,0,0,0,0,0.802428571428571,0,,,
40,0.748211382113821,0,0.921928635953026,0,0,0,0,0,0.753396567299006,0,,,
4,0.89,0,0.75,0,0,0,0,0,0.83,0,,,
15,0.801048387096774,0,0.908629032258065,0,0,0,0,0,0.773306451612903,0,,,
2,1,0,1,0,0,0,0,0,1,0,,,
2,1,0,1,0,0,0,0,0,1,0,,,
5,0.818181818181818,0,0.972727272727273,0,0,0,0,0,0.861818181818182,0,,,
1,1,0,1,0,0,0,0,0,1,0,,,
113,0.756653582808919,0,0.918228693248853,0,0,0,0,0,0.774844727506263,0,,,
5,0.86,0,0.976363636363636,0,0,0,0,0,0.852727272727273,0,,,
111,0.761523278563637,0,0.916357757501255,0,0,0,0,0,0.772155539588275,0,,,
1,1,0,1,0,0,0,0,0,1,0,,,
1,1,0,1,0,0,0,0,0,1,0,,,
1,1,0,1,0,0,0,0,0,1,0,,,
1,1,0,1,0,0,0,0,0,1,0,,,
1,1,0,1,0,0,0,0,0,1,0,,,
1,1,0,1,0,0,0,0,0,1,0,,,
1,1,0,1,0,0,0,0,0,1,0,,,
1,1,0,1,0,0,0,0,0,1,0,,,
4,0.776666666666667,0,0.906666666666667,0,0,0,0,0,0.786666666666667,0,,,
58,0.763429693236824,0,0.891711249981268,0,0,0,0,0,0.761016949152542,0,,,
1,1,0,1,0,0,0,0,0,1,0,,,
56,0.764674961740635,0,0.931866724332956,0,0,0,0,0,0.752084303679553,0,,,
56,0.768006853416728,0,0.932959611417925,0,0,0,0,0,0.75896766251913,0,,,
45,0.751638795986622,0,0.944542124542124,0,0,0,0,0,0.774333492594362,0,,,
56,0.738934726196021,0,0.923283318916761,0,0,0,0,0,0.7121515070863,0,,,
56,0.776615210592854,0,0.935695987757003,0,0,0,0,0,0.775144720207599,0,,,
18,0.807444286391655,0,0.873115220483642,0,0,0,0,0,0.793788525367473,0,,,
25,0.761339366515837,0,0.935384615384615,0,0,0,0,0,0.73889592760181,0,,,
1,1,0,1,0,0,0,0,0,1,0,,,
3,0.864285714285714,0,0.728571428571429,0,0,0,0,0,0.885714285714286,0,,,
6,0.745054945054945,0,0.850549450549451,0,0,0,0,0,0.758241758241758,0,,,
56,0.730106793532504,0,0.896688069731852,0,0,0,0,0,0.726848093685541,0,,,
1,1,0,1,0,0,0,0,0,1,0,,,
56,0.744652006121499,0,0.914774768780358,0,0,0,0,0,0.733229090425178,0,,,
111,0.744524689648008,0.902966523538273,0.902668291289368,0.935771854493828,0.64325038523469,0.764314282251502,0.659114046782208,0.908339032498225,0.770977110999533,0.838099710857559,,,
37,0.812403982930299,0.89128307254623,0.890850640113798,0.956813655761024,0.684796586059744,0.724836415362731,0.637120910384068,0.935231863442389,0.824950213371266,0.870440967283073,,,
98,0.75395747592992,0.917106944300562,0.914280691510569,0.967938998395851,0.643740209512508,0.763056860953888,0.650611051988862,0.923271145098556,0.767898188347789,0.881597493635202,,,
102,0.735806995305819,0.911513420902342,0.90603028234737,0.968057277374602,0.650548954604338,0.766639272332187,0.646012174227968,0.931793957459849,0.735957431990082,0.836742767199231,,,
7,0.815,0.886428571428571,0.887142857142857,0.957142857142857,1,0.978571428571428,0.707857142857143,0.947142857142857,0.749285714285714,0.721428571428571,,,
7,0.758571428571429,0.926428571428571,0.908571428571429,0.985714285714286,1,0.964285714285714,0.699285714285714,0.958571428571429,0.772857142857143,0.75,,,
4,0.79,0.7,0.7,0.9,1,1,0.77,0.966666666666667,0.86,0.666666666666667,,,
56,0.770156031672101,0.907119568833589,0.898333222436623,0.967529443076718,0.664147647880764,0.753909109055825,0.646819482334154,0.931558985960476,0.768708829596114,0.879848958679886,,,
66,0.699056324665123,0.910861958151825,0.923377643566174,0.944675120637415,0.662083635139409,0.760785954030259,0.645217861478663,0.933158200793707,0.687590414298977,0.881800838595811,,,
1,1,1,1,1,1,1,1,1,1,1,,,
7,0.8,0.873571428571428,0.92,0.978571428571428,1,0.978571428571428,0.696428571428572,0.974285714285715,0.749285714285714,0.821428571428572,,,
7,0.772857142857143,0.934285714285714,0.914285714285714,0.992857142857143,0.928571428571429,0.921428571428572,0.706428571428571,0.957857142857143,0.761428571428571,0.635714285714286,,,
1,1,1,1,1,1,1,1,1,1,1,,,
44,0.748014981273408,0.90467824310521,0.910143003064352,0.915832482124617,0.680520939734423,0.680592441266599,0.671620701395983,0.923905345590739,0.751842015662241,0.885869935308138,,,
56,0.749193226428904,0.919668640628119,0.919525583871182,0.979140328697851,0.664706567303214,0.722519795062879,0.637352784616408,0.942145185973784,0.726951227626589,0.894470689999335,,,
20,0.755993031358885,0.909337979094077,0.909581881533101,0.942857142857143,0.704390243902439,0.854006968641115,0.688118466898955,0.943344947735192,0.765853658536585,0.824738675958188,,,
7,0.822857142857143,0.929285714285714,0.924285714285714,0.985714285714286,0.935,0.914285714285714,0.725714285714286,0.940714285714286,0.805,0.9,,,
1,1,1,1,1,1,1,1,1,1,1,,,
1,1,1,1,1,1,1,1,1,1,1,,,
6,0.682417582417582,0.813186813186813,0.850549450549451,0.967032967032967,1,0.758241758241758,0.871428571428572,0.820879120879121,0.721978021978022,0.824175824175824,,,
56,0.750076518730454,0.919384190564908,0.912089959411804,0.971854414798058,0.666757601969526,0.789656663783353,0.633761394637035,0.945237540754541,0.712607292567703,0.889630048572759,,,
56,0.737174795395569,0.927465233881163,0.930407878102335,0.979855612482534,0.664583471954222,0.728025816754275,0.639167609288709,0.946688069731852,0.725184643023488,0.901324106726995,,,
1,1,1,1,1,1,1,1,1,1,1,,,
56,0.764086100206268,0.928586399627387,0.921252245658394,0.986692394703573,0.665581542351454,0.723750748552798,0.638300951493779,0.945492048705835,0.708698183511877,0.889696586599242,,,
56,0.826372346796194,0.93228258699847,0.935235211923614,0.977659857608623,0.662650542284916,0.749484330294764,0.638174529243463,0.94824173265021,0.828636303147249,0.906247920686673,,,
56,0.744139663317586,0.925901590258833,0.926643489254109,0.983914432097944,0.665574888548806,0.714668307937987,0.638558786346397,0.940371947568035,0.725627120899594,0.900974782087963,,,
1,1,1,1,1,1,1,1,1,1,1,,,
56,0.750479073790672,0.927824539224167,0.912327832856477,0.983315589859605,0.665450129749152,0.715250515669705,0.633102668174862,0.94689766451527,0.744988023155233,0.882710093818617,,,
45,0.730377448638318,0.938420130594044,0.940258002866699,0.967510750119446,0.66599458512502,0.841376015289059,0.655193502150024,0.942529065137761,0.724825609173435,0.871094123268036,,,
45,0.764242713807931,0.936757445453098,0.930536709667145,0.978181239050805,0.66943143812709,0.80315336837076,0.643089663959229,0.946653925784361,0.725539098582577,0.863035515209428,,,
18,0.772830725462304,0.910099573257468,0.8950213371266,0.970128022759601,0.728402086296823,0.732100521574206,0.707586533902324,0.926458036984353,0.753579895685159,0.814604077761973,,,
18,0.742342342342342,0.92076813655761,0.810478899952584,0.976766239924135,0.728307254623044,0.738264580369844,0.704788999525842,0.930014224751067,0.719582740635372,0.802275960170697,,,
15,0.758145161290323,0.809596774193549,0.796451612903226,0.970967741935484,0.926854838709677,0.84758064516129,0.69758064516129,0.885241935483871,0.753548387096774,0.770161290322581,,,
15,0.787258064516129,0.868870967741936,0.852903225806452,0.989516129032258,0.926129032258065,0.84758064516129,0.688951612903226,0.883306451612903,0.794758064516129,0.810483870967742,,,
11,0.7800395256917,0.837549407114625,0.788932806324111,0.994071146245059,0.945849802371541,0.907114624505929,0.682411067193676,0.960671936758893,0.790909090909091,0.83201581027668,,,
14,0.79448275862069,0.840886699507389,0.784532019704433,0.994088669950739,0.923054187192118,0.865024630541872,0.685024630541872,0.905024630541872,0.805221674876847,0.833497536945813,,,
1,1,1,1,1,1,1,1,1,1,1,,,
1,1,1,1,1,1,1,1,1,1,1,,,
1,1,1,1,1,1,1,1,1,1,1,,,
15,0.755322580645161,0.783145161290323,0.748790322580645,0.975,0.926129032258065,0.84758064516129,0.693467741935484,0.883225806451613,0.7725,0.815322580645161,,,
15,0.773467741935484,0.85508064516129,0.821935483870968,0.992741935483871,0.926854838709677,0.849193548387097,0.692822580645161,0.877903225806452,0.766129032258065,0.80241935483871,,,
1,1,1,1,1,1,1,1,1,1,1,,,
64,0.803919946332737,0.939929561717352,0.942830948121646,0.910889982110912,0.660157647584973,0.757792933810376,0.642491055456172,0.932871198568873,0.812495527728086,0.823781305903399,,,
56,0.737717080311398,0.926413933062745,0.9158293965001,0.984596446869386,0.659860935524652,0.726262559052499,0.637108257369087,0.947737707099607,0.733074389513607,0.898180184975714,,,
5,0.827272727272727,0.783636363636364,0.861818181818182,0.927272727272728,0.963636363636364,1,0.736363636363636,0.943636363636364,0.789090909090909,0.818181818181818,,,
1,1,1,1,1,1,1,1,1,1,1,,,
1,1,1,1,1,1,1,1,1,1,1,,,
54,0.746475766842739,0.896491520711704,0.889956445185803,0.976387730516171,0.670864609396719,0.736057825966083,0.647400611620795,0.923132239829488,0.762555833565008,0.886386803817996,,,
1,1,1,1,1,1,1,1,1,1,1,,,
11,0.803359683794467,0.841699604743083,0.812648221343874,0.986166007905138,0.942490118577075,0.913043478260869,0.681422924901186,0.959881422924901,0.76205533596838,0.83201581027668,,,
10,0.827012987012987,0.788311688311688,0.790909090909091,0.987012987012987,0.955064935064935,0.916883116883117,0.695584415584416,0.955324675324675,0.84051948051948,0.779220779220779,,,
10,0.763896103896104,0.786493506493507,0.786753246753247,0.994805194805195,0.955064935064935,0.916883116883117,0.692727272727273,0.955324675324675,0.811428571428571,0.779220779220779,,,
1,1,1,1,1,1,1,1,1,1,1,,,
56,0.784336948566106,0.927977576685075,0.921182380730587,0.970789806374343,0.665059218843569,0.77026082906381,0.642434626388981,0.939086100206268,0.748100339343935,0.884539889546876,,,
14,0.747881773399015,0.916748768472906,0.902758620689655,0.983251231527094,0.977635467980295,0.930049261083744,0.69615763546798,0.934285714285714,0.743645320197044,0.887684729064039,,,
56,0.736664116042318,0.927965932530441,0.923368154900526,0.979040521658128,0.66344733515204,0.753326901324107,0.636862066671103,0.945500365959146,0.701537028411737,0.89026215982434,,,
14,0.749655172413793,0.916354679802955,0.920197044334975,0.979310344827586,0.977635467980295,0.911330049261084,0.695369458128079,0.930935960591133,0.736650246305419,0.888669950738916,,,
14,0.767389162561576,0.928275862068965,0.925615763546798,0.984236453201971,0.977931034482759,0.9064039408867,0.679507389162562,0.931822660098522,0.745911330049261,0.885714285714286,,,
25,0.737085972850679,0.909466063348416,0.888579185520362,0.977556561085973,0.657647058823529,0.861357466063349,0.705610859728507,0.933773755656109,0.712977375565611,0.888506787330317,,,
1,1,1,1,1,1,1,1,1,1,1,,,
46,0.744662946495181,0.936537256423264,0.941240189788428,0.971740622482171,0.658276386858047,0.819999403181045,0.6567157052908,0.932195398525857,0.752615559070156,0.851033988839486,,,
2,0.8,1,0.94,1,1,1,0.94,0.8,0.8,0.8,,,
26,0.754700854700855,0.869859700048379,0.821432027092404,0.946944041283664,0.667585873246251,0.870666021609418,0.68598613126915,0.918916303821964,0.73912272214159,0.799387195613611,,,
47,0.745282754759238,0.946825307950728,0.928992161254199,0.967049272116462,0.674518477043673,0.806746920492721,0.656063829787234,0.927959126539754,0.73946248600224,0.872088465845465,,,
1,1,1,1,1,1,1,1,1,1,1,,,
1,1,1,1,1,1,1,1,1,1,1,,,
1,1,1,1,1,1,1,1,1,1,1,,,
56,0.777739703240402,0.934119036529377,0.935923880497704,0.965050901590259,0.663821611551002,0.812179785747555,0.63971987490851,0.939837979905516,0.746426907977909,0.890694656996474,,,
56,0.770111118504225,0.920495375607159,0.913377470224233,0.978291968860203,0.664679952092621,0.755506021691397,0.648596047641227,0.92811896999135,0.730219908177524,0.886402954288376,,,
2,1,1,1,1,1,1,0.8,1,1,1,,,
2,1,1,1,1,1,1,0.8,1,1,1,,,
47,0.751229003359463,0.93486562150056,0.906567749160134,0.941489361702127,0.6693281075028,0.836366181410974,0.650291153415454,0.933541433370661,0.690657894736842,0.858454647256439,,,
2,1,1,1,1,1,1,0.84,1,1,1,,,
1,1,1,1,1,1,1,1,1,1,1,,,
20,0.763135888501742,0.90602787456446,0.865644599303136,0.913588850174216,0.709616724738676,0.742508710801394,0.68808362369338,0.929721254355401,0.743519163763066,0.801742160278746,,,
57,0.755751597885268,0.915102974828375,0.909475262368816,0.953318077803204,0.661409295352324,0.775428075435966,0.64213840448197,0.937373944606644,0.724737631184408,0.895525921249901,,,
1,1,1,1,1,1,1,1,1,1,1,,,
57,0.757973644756569,0.928946579341908,0.922480864830743,0.986143770220153,0.66351140219364,0.726221099976328,0.63190878245088,0.944750256450722,0.76117888424209,0.894058234040874,,,
1,1,1,1,1,1,1,1,1,1,1,,,
33,0.717742836619044,0.923218133929284,0.919019873892569,0.976933514246947,0.645270971346476,0.737010136483359,0.652358528214542,0.943874211828558,0.702945167212068,0.888339053396121,,,
33,0.725556708436428,0.946420304892649,0.913440817303855,0.96695666054753,0.648168249660787,0.774762550881954,0.659062973900551,0.930529172320217,0.709649612898077,0.891691276239125,,,
1,1,1,1,1,1,1,1,1,1,1,,,
6,0.71978021978022,0.835164835164835,0.818681318681319,0.857142857142857,1,0.758241758241758,0.867032967032967,0.820879120879121,0.818681318681319,0.813186813186813,,,
57,0.754567979168311,0.919509192772035,0.922548725637181,0.958510218574922,0.662963781267261,0.758841631815671,0.63003235224493,0.931006075909414,0.737572792551093,0.892669454746311,,,
57,0.760202004261027,0.936188747731398,0.913668428943423,0.983666061705989,0.647597254004577,0.722591335910992,0.633965122701807,0.940055235540125,0.726669296930482,0.894799968436834,,,
1,1,1,1,1,1,1,1,1,1,1,,,
1,1,1,1,1,1,1,1,1,1,1,,,
1,1,1,1,1,1,1,1,1,1,1,,,
1,1,1,1,1,1,1,1,1,1,1,,,
50,0.778390215492137,0.926569598136284,0.926606872451951,0.945602795573675,0.670054746651136,0.748421665695982,0.64105066977286,0.947259172976121,0.77900757134537,0.895958066394875,,,
47,0.719888017917133,0.925688689809631,0.924549272116461,0.948824188129899,0.674588465845465,0.814669652855543,0.652018477043673,0.946170212765957,0.686131019036954,0.872200447928331,,,
47,0.732256438969765,0.93511758118701,0.914594064949608,0.945632698768197,0.67072228443449,0.78969764837626,0.642900335946249,0.950156774916013,0.69942889137738,0.872060470324748,,,
36,0.800222139948167,0.938880661483401,0.895945945945946,0.947550290016043,0.682963100086388,0.694434160187585,0.633789954337899,0.954646427249167,0.792879180550413,0.881587066518573,,,
36,0.836572874244107,0.931340244353943,0.906546957916821,0.946254473651734,0.67258422806368,0.690053066765395,0.631605578180921,0.95857089966679,0.87417006047143,0.864864864864865,,,
1,1,1,1,1,1,1,1,1,1,1,,,
4,0.923333333333334,1,0.953333333333333,1,1,0.966666666666667,0.806666666666667,0.966666666666667,0.833333333333333,0.933333333333333,,,
1,1,1,1,1,1,1,1,1,1,1,,,
59,0.759228030195129,0.922603617718274,0.905234297108674,0.928827802307364,0.662815838199687,0.782011109528557,0.646114513602051,0.919111237715425,0.75636803874092,0.890713573565019,,,
7,0.797142857142857,0.881428571428571,0.902857142857143,0.971428571428572,0.982857142857143,0.828571428571429,0.712857142857143,0.864285714285714,0.774285714285714,0.857142857142857,,,
1,1,1,1,1,1,1,1,1,1,1,,,
4,0.896666666666667,0.996666666666667,0.68,0.966666666666667,1,1,0.743333333333333,0.966666666666667,0.916666666666667,0.866666666666667,,,
1,1,1,1,1,1,1,1,1,1,1,,,
1,1,1,1,1,1,1,1,1,1,1,,,
33,0.717407614334744,0.883789608109187,0.827671801420704,0.944289248942454,0.652454306010057,0.825125708356613,0.683574108069279,0.906840130896321,0.719035836858488,0.802777556069918,,,
2,0.8,0.88,0.98,0.8,1,0.8,0.98,0.8,0.8,0.8,,,
6,0.813186813186813,0.949450549450549,0.879120879120879,0.989010989010989,0.931868131868132,0.989010989010989,0.726373626373626,0.969230769230769,0.732967032967033,0.912087912087912,,,
2,1,1,0.8,1,1,1,0.8,1,1,1,,,
25,0.777303167420815,0.921628959276018,0.863330316742081,0.948778280542986,0.656995475113122,0.764886877828054,0.680235294117647,0.879493212669683,0.763511312217195,0.843800904977375,,,
2,0.8,1,0.8,0.8,1,0.8,0.94,0.8,0.8,0.8,,,
9,0.795789473684211,0.781754385964912,0.783859649122807,0.975438596491228,0.974736842105263,0.947368421052632,0.668070175438597,0.957894736842105,0.757543859649123,0.884210526315789,,,
15,0.746290322580645,0.810241935483871,0.698870967741936,0.969354838709677,0.925322580645161,0.793548387096774,0.690241935483871,0.881129032258065,0.791048387096774,0.820967741935484,,,
1,1,1,1,1,1,1,1,1,1,1,,,
1,1,1,1,1,1,1,1,1,1,1,,,
56,0.821546676425577,0.930920220906248,0.903787677157495,0.908776365692994,0.66749783751414,0.899860270144388,0.64114545212589,0.940997405016968,0.826097877436955,0.886203340208929,,,
1,1,1,1,1,1,1,1,1,1,1,,,
1,1,1,1,1,1,1,1,1,1,1,,,
2,0.8,1,0.8,1,1,1,0.98,0.82,0.8,1,,,
4,0.873333333333333,0.946666666666667,0.88,0.833333333333333,1,0.966666666666667,0.873333333333333,0.733333333333333,0.926666666666667,0.866666666666667,,,
13,0.773992673992674,0.934432234432235,0.940293040293041,0.93040293040293,0.996459096459097,0.886446886446887,0.698656898656899,0.942002442002442,0.713797313797314,0.854700854700855,,,
13,0.808791208791209,0.964835164835165,0.947374847374847,0.942612942612943,0.995604395604396,0.884004884004884,0.683150183150183,0.966422466422467,0.847985347985348,0.876678876678877,,,
1,1,1,1,1,1,1,1,1,1,1,,,
1,1,1,1,1,1,1,1,1,1,1,,,
47,0.733947368421053,0.914930011198208,0.925652295632699,0.923768197088466,0.671917693169093,0.818561030235163,0.65256718924972,0.945705487122061,0.718449048152296,0.903331466965286,,,
55,0.727851877851878,0.94497191997192,0.918878553878554,0.968515268515269,0.662232362232362,0.773920673920674,0.631869076869077,0.947520182520183,0.716491751491752,0.888890838890839,,,
1,1,1,1,1,1,1,1,1,1,1,,,
13,0.796947496947497,0.924053724053724,0.914774114774115,0.925518925518926,0.995482295482296,0.936507936507937,0.695360195360195,0.952258852258852,0.8,0.862026862026862,,,
1,1,1,1,1,1,1,1,1,1,1,,,
1,1,1,1,1,1,1,1,1,1,1,,,
13,0.75042735042735,0.912698412698413,0.956288156288156,0.946275946275947,0.997435897435897,0.907203907203907,0.694383394383394,0.971916971916972,0.780586080586081,0.901098901098901,,,
13,0.80964590964591,0.953235653235653,0.942124542124542,0.951159951159951,0.996581196581197,0.879120879120879,0.681196581196581,0.970451770451771,0.828815628815629,0.876678876678877,,,
55,0.740393120393121,0.93990873990874,0.918060723060723,0.978308178308178,0.661447876447877,0.733696033696034,0.627579852579853,0.947523692523693,0.702279747279747,0.903615303615304,,,
1,1,1,1,1,1,1,1,1,1,1,,,
1,1,1,1,1,1,1,1,1,1,1,,,
55,0.721533871533872,0.928671463671464,0.913039663039663,0.97053352053352,0.660819585819586,0.725377325377325,0.627616707616708,0.932779922779923,0.69970164970165,0.903861003861004,,,
55,0.767076167076167,0.944168129168129,0.933223938223938,0.975552825552825,0.653431028431029,0.744419094419095,0.630738855738856,0.951214461214462,0.751840996840997,0.91005616005616,,,
55,0.76531239031239,0.936193401193401,0.925366795366795,0.974657774657775,0.652393822393823,0.747437697437698,0.63458932958933,0.945196560196561,0.767118287118287,0.905668655668656,,,
6,0.843956043956044,0.85054945054945,0.845054945054945,0.923076923076923,0.934065934065934,0.78021978021978,0.710989010989011,0.934065934065934,0.806593406593407,0.835164835164835,,,
5,0.850909090909091,0.927272727272727,0.930909090909091,0.981818181818182,1,0.927272727272728,0.752727272727273,0.92,0.878181818181818,0.909090909090909,,,
13,0.791575091575092,0.925763125763126,0.946642246642247,0.926739926739927,0.997313797313797,0.902319902319902,0.706349206349207,0.954090354090354,0.746886446886447,0.804639804639805,,,
55,0.755096525096525,0.941065286065286,0.926354861354861,0.967936117936118,0.663595998595999,0.78917163917164,0.626491751491752,0.949050544050544,0.733459108459109,0.894348894348894,,,
13,0.798290598290598,0.944078144078144,0.939438339438339,0.953601953601954,0.996214896214896,0.879120879120879,0.702564102564103,0.948595848595849,0.865567765567766,0.888888888888889,,,
55,0.770831870831871,0.938073008073008,0.926502281502282,0.974850824850825,0.651281151281151,0.726676026676027,0.625078975078975,0.948457353457354,0.751151281151281,0.892207792207792,,,
25,0.810696832579186,0.88124886877828,0.853466063348416,0.899366515837104,0.65420814479638,0.714389140271493,0.648868778280543,0.91489592760181,0.791438914027149,0.813031674208145,,,
1,1,1,1,1,1,1,1,1,1,1,,,
1,1,1,1,1,1,1,1,1,1,1,,,
26,0.77677793904209,0.822415739396871,0.869408159974198,0.804870182228673,0.671488469601677,0.820190291888405,0.667102080309627,0.914368650217707,0.779390420899855,0.804063860667634,,,
1,1,1,1,1,1,1,1,1,1,1,,,
1,1,1,1,1,1,1,1,1,1,1,,,
68,0.756018630873486,0.900671122146098,0.894890510948905,0.940999122594134,0.661581757425281,0.797188567588254,0.656373326861687,0.938068213638994,0.757168592603655,0.87398024903392,,,
55,0.722216567216567,0.933416988416988,0.924727974727974,0.98062478062478,0.660640575640576,0.735608985608986,0.626597051597052,0.952253422253423,0.698962793962794,0.914882414882415,,,
55,0.731053001053001,0.937492102492103,0.923648648648649,0.981695331695332,0.652916812916813,0.719252369252369,0.626447876447877,0.951282906282906,0.71418918918919,0.890101790101791,,,
3,0.842857142857143,0.714285714285714,0.714285714285714,0.928571428571429,1,1,0.914285714285714,0.928571428571429,0.842857142857143,0.714285714285714,,,
1,1,1,1,1,1,1,1,1,1,1,,,
55,0.73975780975781,0.936681291681292,0.920717795717796,0.963144963144963,0.660451035451036,0.726728676728677,0.630635310635311,0.947051597051597,0.703969813969814,0.9,,,
70,0.723121708977268,0.919750845498523,0.901356222441029,0.927051671732523,0.646222869129672,0.793929534654737,0.632476561496639,0.937207928421594,0.687114174408151,0.877349201592534,,,
70,0.721054839676356,0.934742069437904,0.911574981805728,0.969193886724603,0.651321546299071,0.770897726786249,0.634371334389315,0.931671732522796,0.700023117427972,0.874301125904362,,,
9,0.811929824561404,0.899649122807017,0.933684210526316,0.992982456140351,0.983157894736842,0.873684210526316,0.671578947368421,0.900701754385965,0.756842105263158,0.915789473684211,,,
9,0.737543859649123,0.897894736842105,0.910175438596491,0.982456140350877,0.983157894736842,0.996491228070175,0.671929824561403,0.951578947368421,0.773333333333333,0.842105263157895,,,
9,0.793333333333333,0.903859649122807,0.912631578947368,0.989473684210527,0.983157894736842,0.996491228070175,0.676140350877193,0.928421052631579,0.84,0.821052631578947,,,
9,0.774736842105263,0.898947368421053,0.886666666666666,0.989473684210527,0.979649122807017,0.996491228070175,0.655438596491228,0.953333333333333,0.741052631578947,0.842105263157895,,,
9,0.751578947368421,0.884561403508772,0.879649122807018,0.975438596491228,0.974736842105263,0.996491228070175,0.663508771929825,0.952280701754386,0.768771929824561,0.842105263157895,,,
9,0.733333333333333,0.891228070175439,0.880701754385965,0.975438596491228,0.974736842105263,0.996491228070175,0.66280701754386,0.961052631578948,0.774385964912281,0.842105263157895,,,
9,0.779298245614035,0.892280701754386,0.879649122807017,0.992982456140351,0.983157894736842,0.996491228070175,0.674035087719298,0.951578947368421,0.72140350877193,0.842105263157895,,,
4,0.756666666666667,0.733333333333333,0.7,0.966666666666667,1,0.9,0.84,0.906666666666667,0.766666666666667,0.7,,,
1,1,1,1,1,1,1,1,1,1,1,,,
15,0.747983870967742,0.8175,0.792822580645162,0.987903225806452,0.926129032258065,0.808064516129032,0.691935483870968,0.903306451612904,0.74491935483871,0.818548387096774,,,
47,0.745209966405375,0.924857222844345,0.916951287793953,0.93978163493841,0.668866181410974,0.844484882418813,0.644188129899216,0.937343225083987,0.739216125419933,0.872228443449048,,,
60,0.783369462132503,0.936516732150115,0.909676195637448,0.928586912342501,0.673778620783092,0.802763853136432,0.655867768595042,0.921117734724292,0.74770220837285,0.888050399674841,,,
79,0.75542213995701,0.934205875328398,0.921333293527585,0.944685932648674,0.640093145450203,0.768408168139479,0.634691903510867,0.9413058275615,0.733885837114879,0.876438977788392,,,
25,0.753158371040724,0.859058823529412,0.845140271493213,0.912398190045249,0.676289592760181,0.790226244343891,0.652633484162896,0.876434389140272,0.741809954751131,0.819004524886878,,,
25,0.781918552036199,0.877303167420814,0.86510407239819,0.916199095022624,0.65462443438914,0.77972850678733,0.632542986425339,0.911800904977376,0.801918552036199,0.807239819004525,,,
5,0.8,0.701818181818182,0.723636363636364,0.890909090909091,1,1,0.872727272727273,0.865454545454546,0.781818181818182,0.818181818181818,,,
3,0.828571428571429,0.828571428571429,0.785714285714286,0.785714285714286,1,1,0.892857142857143,0.785714285714286,0.871428571428571,0.928571428571429,,,
3,0.842857142857143,0.771428571428571,0.928571428571428,0.928571428571429,1,1,0.892857142857143,0.928571428571429,0.928571428571429,0.928571428571429,,,
4,0.756666666666667,0.793333333333333,0.8,0.766666666666667,0.976666666666667,0.966666666666667,0.803333333333333,0.77,0.766666666666667,0.8,,,
3,0.785714285714286,0.714285714285714,0.728571428571428,0.785714285714286,1,0.785714285714286,0.935714285714286,0.721428571428571,0.785714285714286,0.714285714285714,,,
1,1,1,1,1,1,1,1,1,1,1,,,
1,1,1,1,1,1,1,1,1,1,1,,,
55,0.737409617409618,0.938438048438049,0.930672165672166,0.962214812214812,0.661209196209196,0.763232713232713,0.626053001053001,0.943137943137943,0.692065637065637,0.896630396630397,,,
55,0.70963495963496,0.934071604071604,0.914980694980695,0.982485082485082,0.661346086346087,0.726535626535627,0.625819585819586,0.951853281853282,0.682927342927343,0.911126711126711,,,
55,0.801909441909442,0.932913302913303,0.922725517725518,0.97934362934363,0.662272727272728,0.744822744822745,0.628044928044928,0.949331344331345,0.815861705861706,0.900895050895051,,,
1,1,1,1,1,1,1,1,1,1,1,,,
55,0.778144963144963,0.943739908739909,0.912195507195508,0.973552123552124,0.661393471393472,0.716953316953317,0.623081783081783,0.956209196209196,0.767827307827308,0.879361179361179,,,
5,0.756363636363636,0.94,0.930909090909091,0.981818181818182,1,0.927272727272728,0.849090909090909,0.950909090909091,0.8,0.654545454545455,,,
9,0.782456140350877,0.886315789473684,0.936140350877193,0.891228070175439,0.943859649122807,0.887719298245614,0.791929824561404,0.863157894736842,0.805263157894737,0.8,,,
9,0.804561403508772,0.982456140350877,0.976140350877193,0.943859649122807,0.946315789473684,0.845614035087719,0.743157894736842,0.867017543859649,0.822105263157895,0.915789473684211,,,
3,0.85,0.942857142857143,0.814285714285714,0.928571428571429,0.978571428571428,1,0.721428571428571,1,0.807142857142857,0.714285714285714,,,
12,0.767538461538462,0.896,0.904923076923077,0.938461538461539,0.938461538461538,0.913846153846154,0.7,0.896769230769231,0.803692307692308,0.841538461538461,,,
1,1,1,1,1,1,1,1,1,1,1,,,
1,1,1,1,1,1,1,1,1,1,1,,,
1,1,1,1,1,1,1,1,1,1,1,,,
21,0.781123527635156,0.859045605557234,0.844095439444277,0.956206584113561,0.689580187254606,0.710661431591664,0.674690425853217,0.919933554817276,0.822228933856841,0.835699184536394,,,
3,0.785714285714286,0.971428571428571,0.928571428571428,1,1,0.928571428571429,0.807142857142857,0.928571428571429,0.807142857142857,0.928571428571428,,,
55,0.841130221130221,0.942076167076167,0.928704808704809,0.966935766935767,0.661254826254826,0.714531414531414,0.623946998946999,0.947211302211303,0.822083187083187,0.903439803439804,,,
26,0.741170778906628,0.915965166908563,0.917658442186744,0.911465892597968,0.665521690049992,0.90501532010966,0.666682793097888,0.952443154329947,0.744315432994678,0.890824060635381,,,
1,1,1,1,1,1,1,1,1,1,1,,,
1,1,1,1,1,1,1,1,1,1,1,,,
1,1,1,1,1,1,1,1,1,1,1,,,
3,0.864285714285715,0.785714285714286,0.842857142857143,0.785714285714286,0.942857142857143,0.928571428571429,0.814285714285714,0.928571428571429,0.757142857142857,0.714285714285714,,,
138,0.74213099148683,0.857699512968498,0.868679120429916,0.880717369284607,0.648660126991799,0.796792796495813,0.674619143172356,0.872237171807053,0.752353797389024,0.813524411988224,,,
24,0.788755102040816,0.906979591836735,0.870979591836735,0.968775510204082,0.69,0.811836734693878,0.680693877551021,0.910448979591837,0.768163265306123,0.854081632653061,,,
73,0.793070593657678,0.919754588247739,0.906535750175672,0.959357456422036,0.661034839704116,0.779469433089785,0.636922077235189,0.93686163099079,0.805386515954031,0.896674700979985,,,
83,0.786653199624847,0.925779937543158,0.924659630824409,0.947684665093221,0.641616766467066,0.785126820369588,0.64816855102188,0.927541818256774,0.779461387036598,0.884738268729322,,,
1,1,1,1,1,1,1,1,1,1,1,,,
1,1,1,1,1,1,1,1,1,1,1,,,
142,0.738495751838969,0.877991156360318,0.882668436085782,0.90101551524828,0.641475114951764,0.795535672629817,0.688447282887609,0.85910371318822,0.730844603876479,0.823292052647131,,,
60,0.740986316217315,0.941728763040239,0.922958948651944,0.944424874678228,0.663645847446146,0.740265546673893,0.642351984825905,0.942582305920607,0.714110554125458,0.89840130063677,,,
1,1,1,1,1,1,1,1,1,1,1,,,
1,1,1,1,1,1,1,1,1,1,1,,,
6,0.857142857142857,0.814285714285714,0.885714285714286,0.989010989010989,0.918681318681319,0.934065934065934,0.728571428571428,0.985714285714286,0.812087912087912,0.758241758241758,,,
108,0.777313894878263,0.90893849499946,0.911473526966276,0.923004833777252,0.640820990525045,0.763349258022238,0.665585760791443,0.900176392940524,0.770319715140668,0.84200970513489,,,
1,1,1,1,1,1,1,1,1,1,1,,,
1,1,1,1,1,1,1,1,1,1,1,,,
5,0.769090909090909,0.825454545454545,0.730909090909091,0.872727272727273,1,0.818181818181818,0.849090909090909,0.698181818181818,0.803636363636364,0.745454545454546,,,
8,0.784313725490196,0.906862745098039,0.882352941176471,0.950980392156863,0.997058823529412,0.946078431372549,0.731862745098039,0.911764705882353,0.817156862745098,0.784313725490196,,,
19,0.751983805668016,0.869109311740891,0.886153846153846,0.872874493927125,0.682631578947368,0.764372469635627,0.692591093117409,0.875587044534413,0.766599190283401,0.819028340080972,,,
1,1,1,1,1,1,1,1,1,1,1,,,
1,1,1,1,1,1,1,1,1,1,1,,,
26,0.730914368650218,0.900967585873246,0.900483792936623,0.914207385905499,0.670795033059184,0.766328011611031,0.679471053055959,0.873971940009676,0.77510079019513,0.727463312368973,,,
2,1,1,1,1,1,1,0.86,1,1,1,,,
1,1,1,1,1,1,1,1,1,1,1,,,
1,1,1,1,1,1,1,1,1,1,1,,,
1,1,1,1,1,1,1,1,1,1,1,,,
1,1,1,1,1,1,1,1,1,1,1,,,
7,0.7,0.943571428571429,0.921428571428571,0.878571428571428,0.935,0.992857142857143,0.720714285714286,0.973571428571429,0.693571428571429,0.907142857142857,,,
15,0.759596774193548,0.824193548387097,0.828225806451613,0.988709677419355,0.92991935483871,0.859677419354839,0.68991935483871,0.869838709677419,0.803548387096774,0.80241935483871,,,
15,0.795887096774194,0.851290322580645,0.817903225806452,0.981451612903226,0.926854838709677,0.849193548387097,0.69258064516129,0.866451612903226,0.795806451612903,0.791129032258064,,,
15,0.776935483870968,0.877258064516129,0.859274193548387,0.980645161290323,0.926129032258065,0.84758064516129,0.688225806451613,0.878145161290323,0.7775,0.810483870967742,,,
15,0.818629032258065,0.861290322580645,0.843467741935484,0.984677419354839,0.925161290322581,0.85241935483871,0.6875,0.874516129032258,0.776532258064516,0.799193548387097,,,
15,0.803629032258064,0.855161290322581,0.885322580645161,0.982258064516129,0.926129032258065,0.84758064516129,0.691693548387097,0.871774193548387,0.794677419354839,0.799193548387097,,,
15,0.78508064516129,0.87,0.855806451612903,0.982258064516129,0.926129032258065,0.84758064516129,0.69008064516129,0.871774193548387,0.810241935483871,0.810483870967742,,,
1,1,1,1,1,1,1,1,1,1,1,,,
1,1,1,1,1,1,1,1,1,1,1,,,
1,1,1,1,1,1,1,1,1,1,1,,,
16,0.783756684491979,0.863970588235294,0.817780748663102,0.98596256684492,0.931818181818182,0.85427807486631,0.687366310160428,0.878275401069519,0.767780748663102,0.802807486631016,,,
16,0.799532085561497,0.871390374331551,0.812098930481283,0.986631016042781,0.923128342245989,0.848930481283423,0.689237967914439,0.87346256684492,0.779612299465241,0.816844919786096,,,
2,0.8,0.96,0.8,1,1,1,0.88,1,0.8,0.8,,,
4,0.813333333333333,0.76,0.906666666666667,0.9,0.98,0.7,0.816666666666667,0.693333333333333,0.803333333333333,0.866666666666667,,,
4,0.82,0.8,0.873333333333333,0.9,0.98,0.8,0.8,0.79,0.793333333333333,0.866666666666667,,,
4,0.71,0.8,0.746666666666667,0.966666666666667,0.98,0.8,0.8,0.79,0.756666666666667,0.866666666666667,,,
55,0.786402246402247,0.941309231309231,0.935631800631801,0.963250263250263,0.65989820989821,0.784029484029484,0.648001053001053,0.952430677430678,0.770610740610741,0.873446823446824,,,
37,0.82096159317212,0.917627311522048,0.906429587482219,0.911806543385491,0.65753627311522,0.700711237553343,0.626674253200569,0.943431009957326,0.813308677098151,0.819345661450925,,,
5,0.832727272727273,0.943636363636364,0.929090909090909,0.890909090909091,1,0.927272727272728,0.854545454545455,0.921818181818182,0.812727272727273,0.836363636363636,,,
19,0.770769230769231,0.925506072874494,0.921295546558704,0.902429149797571,0.697975708502024,0.854655870445344,0.67582995951417,0.912388663967611,0.759554655870445,0.864372469635627,,,
2,0.8,0.82,1,1,0.94,1,0.82,1,0.8,0.8,,,
14,0.807093596059113,0.834285714285714,0.79064039408867,0.940886699507389,0.954384236453202,0.679802955665025,0.714679802955665,0.797635467980295,0.809556650246305,0.74679802955665,,,
92,0.755831848678973,0.924928926121072,0.905039611841856,0.944524468367386,0.645922823244001,0.783264470641749,0.654067700238808,0.90370645540351,0.748039877184337,0.881058337439824,,,
21,0.775807913017215,0.891120507399577,0.90749018423437,0.952280277861673,0.695258230141951,0.752340682573241,0.668136514648143,0.912926608275446,0.780126849894292,0.842041679250982,,,
21,0.761099365750529,0.947327091513138,0.936091815161583,0.924494110540622,0.684687405617638,0.732105104198127,0.66094835397161,0.929658713379644,0.778314708547267,0.841135608577469,,,
69,0.727577639751553,0.937589704633808,0.922375441261897,0.949416864024308,0.648566960096519,0.761320881183252,0.637745207560659,0.937202734706644,0.695880066133428,0.900469189865499,,,
21,0.800634249471459,0.8927514346119,0.933071579583208,0.916641498036847,0.684385382059801,0.754454847478103,0.667381455753549,0.927091513138025,0.77302929628511,0.836001208094231,,,
1,1,1,1,1,1,1,1,1,1,1,,,
1,1,1,1,1,1,1,1,1,1,1,,,
1,1,1,1,1,1,1,1,1,1,1,,,
1,1,1,1,1,1,1,1,1,1,1,,,
1,1,1,1,1,1,1,1,1,1,1,,,
48,0.761976646328635,0.912097622554176,0.924442457395329,0.936277088154849,0.680517567851883,0.687960235640648,0.646089312013465,0.93018356827267,0.789672312223859,0.858878602987587,,,
43,0.67062768827003,0.938200772763724,0.941222570532915,0.928118393234673,0.66892906612233,0.731318801487205,0.634183859444485,0.937384267697018,0.659878253262375,0.866516002041262,,,
1,1,1,1,1,1,1,1,1,1,1,,,
6,0.90989010989011,0.87032967032967,0.813186813186813,0.956043956043956,0.92967032967033,0.868131868131868,0.736263736263736,0.91978021978022,0.812087912087912,0.813186813186813,,,
6,0.863736263736264,0.954945054945055,0.747252747252747,0.967032967032967,0.930769230769231,0.989010989010989,0.715384615384615,0.973626373626374,0.794505494505495,0.714285714285714,,,
44,0.80919645897174,0.948988764044944,0.925131086142322,0.927102485529452,0.679822948586994,0.733946203609125,0.627623425263875,0.940149812734083,0.838719782090569,0.885495403472931,,,
1,1,1,1,1,1,1,1,1,1,1,,,
1,1,1,1,1,1,1,1,1,1,1,,,
10,0.810649350649351,0.797662337662338,0.802337662337663,0.896103896103896,0.976623376623377,0.864935064935065,0.738961038961039,0.883896103896104,0.87012987012987,0.745454545454546,,,
8,0.795588235294118,0.838725490196078,0.831862745098039,0.92156862745098,0.97843137254902,0.882352941176471,0.726470588235294,0.92156862745098,0.799509803921569,0.823529411764706,,,
1,1,1,1,1,1,1,1,1,1,1,,,
8,0.82156862745098,0.847058823529412,0.829411764705882,0.936274509803922,0.972549019607843,0.906862745098039,0.730882352941177,0.904901960784314,0.812745098039216,0.823529411764706,,,
4,0.86,0.796666666666667,0.766666666666666,0.966666666666667,1,0.9,0.843333333333333,0.843333333333333,0.8,0.766666666666666,,,
21,0.76674720628209,0.869314406523709,0.856448202959831,0.935064935064935,0.687315010570825,0.747206282090003,0.667079432195711,0.926094835397161,0.771217154938085,0.848686197523407,,,
21,0.792962851102386,0.920024161884627,0.923014195107218,0.919359710057384,0.682452431289641,0.788281485955905,0.658985200845666,0.878495922681969,0.819903352461492,0.86288130474177,,,
1,1,1,1,1,1,1,1,1,1,1,,,
1,1,1,1,1,1,1,1,1,1,1,,,
21,0.773059498640894,0.900513440048324,0.890395650860767,0.94291754756871,0.690154032014497,0.672606463304138,0.66433101781939,0.930474176985805,0.818181818181818,0.820295983086681,,,
9,0.753333333333333,0.85578947368421,0.721052631578947,0.936842105263158,1,0.898245614035088,0.752631578947368,0.89719298245614,0.748070175438596,0.775438596491228,,,
9,0.821754385964912,0.803157894736842,0.76,0.807017543859649,1,0.905263157894737,0.741052631578947,0.914035087719298,0.816140350877193,0.708771929824561,,,
1,1,1,1,1,1,1,1,1,1,1,,,
55,0.808975078975079,0.948044928044928,0.930008775008775,0.9495085995086,0.660586170586171,0.726360126360126,0.636512811512812,0.937850122850123,0.771475956475957,0.916935766935767,,,
7,0.687142857142857,0.942857142857143,0.932857142857143,0.957142857142857,0.93,0.921428571428572,0.719285714285714,0.985714285714286,0.717142857142857,0.907142857142857,,,
1,1,1,1,1,1,1,1,1,1,1,,,
1,1,1,1,1,1,1,1,1,1,1,,,
1,1,1,1,1,1,1,1,1,1,1,,,
1,1,1,1,1,1,1,1,1,1,1,,,
36,0.785381957299766,0.927971121806738,0.924305812661977,0.884980871282241,0.66872763174133,0.698013081574725,0.63009379242256,0.949932123904726,0.795773170430705,0.809453288905344,,,
1,1,1,1,1,1,1,1,1,1,1,,,
1,1,1,1,1,1,1,1,1,1,1,,,
25,0.740579185520362,0.889013574660634,0.86937556561086,0.920723981900453,0.677737556561086,0.739185520361991,0.650805429864253,0.915601809954751,0.723257918552036,0.82027149321267,,,
7,0.807142857142857,0.876428571428571,0.754285714285714,0.928571428571429,0.982857142857143,0.807142857142857,0.704285714285714,0.851428571428571,0.767142857142857,0.907142857142857,,,
55,0.832444717444718,0.907879957879958,0.889668304668305,0.928255528255529,0.658987363987364,0.716163566163567,0.62485257985258,0.951865566865567,0.831354861354861,0.885959985959986,,,
24,0.777816326530612,0.946795918367347,0.911612244897959,0.949387755102041,0.669632653061225,0.907142857142857,0.677530612244898,0.967836734693877,0.752959183673469,0.90530612244898,,,
24,0.783204081632653,0.93934693877551,0.900102040816327,0.933469387755102,0.669632653061225,0.737755102040817,0.633795918367347,0.966918367346939,0.780551020408163,0.811020408163266,,,
2,0.8,1,1,1,0.96,1,0.88,1,0.8,1,,,
39,0.763481012658228,0.887677702044791,0.884337877312561,0.863826679649465,0.674094449853944,0.728821811100292,0.673227848101266,0.881480038948394,0.722064264849075,0.81572541382668,,,
6,0.868131868131868,0.953846153846154,0.841758241758242,0.967032967032967,0.918681318681319,1,0.708791208791209,0.984615384615385,0.789010989010989,0.802197802197802,,,
1,1,1,1,1,1,1,1,1,1,1,,,
19,0.789635627530364,0.887773279352226,0.778380566801619,0.898785425101215,0.689311740890688,0.839271255060728,0.647165991902834,0.916882591093117,0.775708502024291,0.738056680161943,,,
55,0.835487890487891,0.943473148473149,0.891614601614602,0.956037206037206,0.661160056160056,0.806019656019656,0.63953316953317,0.951512811512812,0.84494032994033,0.875465075465076,,,
55,0.735551070551071,0.931669006669007,0.913782028782029,0.969094419094419,0.661400491400492,0.747788697788698,0.641563706563707,0.938144963144963,0.680542295542296,0.870340470340471,,,
7,0.915,0.863571428571429,0.85,0.978571428571428,0.97,0.95,0.732857142857143,0.943571428571429,0.893571428571429,0.85,,,
8,0.875490196078432,0.892156862745098,0.83578431372549,0.813725490196078,0.972549019607843,0.892156862745098,0.693627450980392,0.926960784313726,0.815196078431372,0.843137254901961,,,
19,0.753238866396761,0.921821862348178,0.884534412955465,0.885425101214575,0.689433198380567,0.872064777327935,0.650931174089069,0.918825910931174,0.770728744939271,0.808097165991903,,,
19,0.758825910931174,0.914615384615385,0.845141700404858,0.918218623481781,0.689554655870445,0.834817813765182,0.651862348178138,0.913400809716599,0.795384615384615,0.861538461538461,,,
1,1,1,1,1,1,1,1,1,1,1,,,
24,0.69430612244898,0.955040816326531,0.875612244897959,0.91265306122449,0.669571428571429,0.895510204081633,0.639387755102041,0.963571428571429,0.667632653061225,0.908571428571429,,,
1,1,1,1,1,1,1,1,1,1,1,,,
1,1,1,1,1,1,1,1,1,1,1,,,
1,1,1,1,1,1,1,1,1,1,1,,,
1,1,1,1,1,1,1,1,1,1,1,,,
1,1,1,1,1,1,1,1,1,1,1,,,
1,1,1,1,1,1,1,1,1,1,1,,,
55,0.76962091962092,0.940407160407161,0.918223938223938,0.918357318357319,0.662169182169182,0.838118638118638,0.637636012636013,0.939391014391015,0.748576693576694,0.88894348894349,,,
7,0.868571428571429,0.842857142857143,0.683571428571429,0.892857142857143,1,0.885714285714286,0.729285714285714,0.930714285714286,0.862857142857143,0.771428571428572,,,
7,0.872857142857143,0.815714285714286,0.775,0.828571428571429,1,0.921428571428572,0.728571428571428,0.893571428571428,0.822142857142857,0.771428571428572,,,
7,0.872142857142857,0.813571428571429,0.762857142857143,0.828571428571429,1,0.921428571428572,0.734285714285714,0.893571428571428,0.832857142857143,0.771428571428572,,,
55,0.730596700596701,0.936826956826957,0.908455598455598,0.958213408213408,0.661172341172341,0.750895050895051,0.635861705861706,0.94441382941383,0.709296244296245,0.891926991926992,,,
55,0.81497893997894,0.944980694980695,0.924415584415585,0.971990171990172,0.661540891540892,0.744541944541945,0.632913302913303,0.946484731484731,0.836654966654967,0.875868725868726,,,
36,0.802875478217944,0.906442058496853,0.923201283475256,0.901641367394792,0.676169320004936,0.710786128594348,0.631716648155004,0.955244970998395,0.81791311859805,0.840059237319512,,,
36,0.831438973219795,0.924922868073553,0.919060841663582,0.89528569665556,0.673608540046896,0.738800444279896,0.625323954091077,0.94451437739109,0.852918672096754,0.842835986671603,,,
36,0.796606195236332,0.936147106010119,0.913982475626311,0.921942490435641,0.679402690361594,0.689806244600765,0.61543872639763,0.949296556830803,0.822442305319018,0.841848698013081,,,
55,0.757925587925588,0.928597753597754,0.902958932958933,0.957230607230607,0.663831168831169,0.741242541242541,0.631500526500527,0.950623025623026,0.718829413829414,0.876921726921727,,,
2,1,1,1,1,1,1,0.8,1,1,1,,,
55,0.808866268866269,0.940117585117585,0.91995085995086,0.957581607581607,0.657693927693928,0.74031239031239,0.633848718848719,0.953276588276589,0.827035802035802,0.888557388557388,,,
55,0.725679185679186,0.939970164970165,0.910473850473851,0.963952263952264,0.663190593190593,0.736328536328537,0.632269217269217,0.941351351351351,0.706888381888382,0.896718146718147,,,
55,0.723409968409969,0.937253422253422,0.913329238329239,0.975605475605476,0.656949806949807,0.763689013689014,0.634524394524395,0.944945594945595,0.707432432432433,0.868831168831169,,,
55,0.71945594945595,0.925459810459811,0.916328536328536,0.967111267111267,0.653292383292383,0.754106704106704,0.644812214812215,0.938032643032643,0.684833274833275,0.862899262899263,,,
55,0.710930150930151,0.933376623376623,0.917246402246402,0.966093366093366,0.657434187434188,0.737241137241138,0.633004563004563,0.941149526149527,0.694366444366444,0.896191646191646,,,
55,0.805896805896806,0.938617058617059,0.926131976131976,0.973745173745174,0.662434187434188,0.728483678483679,0.632867672867673,0.944749034749035,0.811379431379432,0.897209547209547,,,
48,0.807679360403956,0.943827582579424,0.921191878813381,0.94219440353461,0.672796128760783,0.745082053439933,0.632926572690932,0.945689564485588,0.814275194613928,0.825005259835893,,,
17,0.749075630252101,0.879887955182073,0.780168067226891,0.903081232492997,0.728683473389356,0.898039215686275,0.722521008403361,0.927002801120448,0.772605042016807,0.849859943977591,,,
55,0.738057213057213,0.951054756054756,0.922249912249912,0.962969462969463,0.661395226395227,0.72985257985258,0.634189189189189,0.953074763074763,0.713987363987364,0.899315549315549,,,
55,0.736661986661987,0.933216918216918,0.909598104598104,0.971621621621622,0.663617058617059,0.736293436293437,0.633708318708319,0.953243243243243,0.713608283608284,0.891593541593541,,,
1,1,1,1,1,1,1,1,1,1,1,,,
7,0.722142857142857,0.962857142857143,0.925714285714286,0.914285714285714,0.935,0.921428571428572,0.719285714285714,0.958571428571429,0.754285714285714,0.907142857142857,,,
63,0.763224128233971,0.926260779902512,0.897431571053618,0.919678008998875,0.662529293213348,0.741212035995501,0.640623828271466,0.930559851893513,0.765471503562055,0.865837082864642,,,
56,0.714643356178056,0.895566903985628,0.870081176392308,0.933212455918558,0.68340042584337,0.796426907977909,0.662732051367357,0.933154235145386,0.681322775966465,0.869834985694325,,,
64,0.805502012522361,0.929620974955277,0.889110017889088,0.941491502683363,0.666241055456172,0.721668157423972,0.626978980322004,0.936959973166369,0.814406305903399,0.884827817531306,,,
112,0.755108512431522,0.909683733670459,0.88516392751791,0.883832701222082,0.636939106616098,0.747865571007164,0.657443320691109,0.896290981879478,0.759924778761062,0.861236831015592,,,
88,0.793820224719101,0.923972922906459,0.918699468499507,0.938548501584114,0.645203078201555,0.719010231817316,0.665733799622583,0.901471148352695,0.796698897179758,0.869907896331434,,,
9,0.76,0.947368421052632,0.895438596491228,0.87719298245614,0.953684210526316,0.982456140350877,0.668070175438597,0.917894736842105,0.727017543859649,0.856140350877193,,,
9,0.753333333333333,0.952631578947368,0.925614035087719,0.964912280701755,0.950526315789474,0.996491228070175,0.649122807017544,0.919649122807017,0.726315789473684,0.814035087719298,,,
15,0.8025,0.890403225806452,0.831048387096774,0.992741935483871,0.929354838709678,0.828225806451613,0.68508064516129,0.869112903225807,0.783467741935484,0.861290322580645,,,
47,0.707662374020157,0.915823068309071,0.911662933930571,0.881047032474804,0.670652295632699,0.820884658454647,0.644440089585666,0.935708286674132,0.71791993281075,0.876959686450168,,,
47,0.716035834266517,0.934652855543113,0.914280515117581,0.918085106382979,0.661612541993281,0.811170212765957,0.634588465845465,0.952250839865621,0.678611422172452,0.869120940649496,,,
47,0.725389137737962,0.948586226203807,0.904440089585666,0.928107502799552,0.670128779395297,0.814557670772676,0.633720604703248,0.945075587905935,0.690380739081747,0.876707726763718,,,
47,0.713275475923852,0.947256438969765,0.88753359462486,0.903639417693169,0.67018477043673,0.803863381858903,0.639230123180291,0.938653415453528,0.679409294512878,0.861758118701008,,,
47,0.722396416573348,0.947082866741321,0.909162933930571,0.937346024636059,0.66484882418813,0.811226203807391,0.634924412094065,0.96055431131019,0.72248320268757,0.870408734602463,,,
47,0.741240201567749,0.944498880179172,0.910713885778275,0.920044792833147,0.670747480403136,0.777155655095185,0.635072788353863,0.950719484882419,0.707452407614782,0.878807390817469,,,
1,1,1,1,1,1,1,1,1,1,1,,,
47,0.742805151175812,0.950937849944009,0.898398656215006,0.930459126539754,0.669622060470325,0.798992161254199,0.640114781634938,0.943544232922732,0.721461366181411,0.876175811870101,,,
8,0.738235294117647,0.866666666666667,0.90343137254902,0.941176470588235,0.986274509803922,0.892156862745098,0.756372549019608,0.897549019607843,0.763235294117647,0.862745098039216,,,
43,0.818305751986586,0.919734635853321,0.911073849967194,0.867390828898447,0.651060727564336,0.766822191441277,0.634829044251658,0.920686010060509,0.841200699861486,0.873952030327331,,,
47,0.708675811870101,0.938751399776036,0.87976483762598,0.919316909294513,0.668516237402016,0.788381858902576,0.642973124300112,0.944641657334826,0.684767637178051,0.858342665173572,,,
49,0.798463821892393,0.90695856524428,0.889978973407545,0.904539270253556,0.65239332096475,0.73526283240569,0.635769944341373,0.924979591836735,0.826970933828077,0.865034013605442,,,
24,0.741244897959184,0.952836734693878,0.88634693877551,0.912448979591837,0.669530612244898,0.900816326530612,0.645734693877551,0.977061224489796,0.669938775510204,0.846938775510204,,,
24,0.792081632653061,0.960081632653061,0.888551020408163,0.92530612244898,0.687163265306123,0.77265306122449,0.642918367346939,0.958224489795919,0.786775510204082,0.803265306122449,,,
24,0.718204081632653,0.94765306122449,0.882673469387755,0.871632653061224,0.669714285714286,0.840816326530612,0.633326530612245,0.969122448979592,0.696897959183674,0.81530612244898,,,
22,0.755415019762846,0.898076416337286,0.879710144927536,0.896179183135705,0.698287220026351,0.719104084321476,0.673860342555995,0.923162055335969,0.732990777338604,0.853491436100132,,,
22,0.7666930171278,0.882555994729908,0.872569169960474,0.942819499341239,0.698629776021081,0.705928853754941,0.65038208168643,0.904795783926219,0.805691699604743,0.785770750988143,,,
22,0.75167325428195,0.940527009222662,0.891699604743083,0.910935441370224,0.697733860342556,0.715415019762846,0.685638998682477,0.926930171277997,0.738129117259552,0.828458498023715,,,
1,1,1,1,1,1,1,1,1,1,1,,,
1,1,1,1,1,1,1,1,1,1,1,,,
1,1,1,1,1,1,1,1,1,1,1,,,
5,0.754545454545455,0.96,0.910909090909091,0.981818181818182,0.947272727272727,0.818181818181818,0.730909090909091,0.965454545454546,0.749090909090909,0.909090909090909,,,
51,0.749494794183544,0.920533321618416,0.922712296270264,0.894895224706761,0.675714976057638,0.724047796863331,0.640069410886087,0.923863286912973,0.724131265650398,0.865307736238633,,,
4,0.796666666666667,0.986666666666667,0.866666666666667,1,0.98,0.8,0.82,0.786666666666667,0.79,0.866666666666667,,,
7,0.762142857142857,0.778571428571429,0.827142857142857,0.8,1,0.792857142857143,0.814285714285714,0.675,0.774285714285714,0.678571428571428,,,
1,1,1,1,1,1,1,1,1,1,1,,,
1,1,1,1,1,1,1,1,1,1,1,,,
1,1,1,1,1,1,1,1,1,1,1,,,
1,1,1,1,1,1,1,1,1,1,1,,,
1,1,1,1,1,1,1,1,1,1,1,,,
1,1,1,1,1,1,1,1,1,1,1,,,
1,1,1,1,1,1,1,1,1,1,1,,,
1,1,1,1,1,1,1,1,1,1,1,,,
1,1,1,1,1,1,1,1,1,1,1,,,
1,1,1,1,1,1,1,1,1,1,1,,,
1,1,1,1,1,1,1,1,1,1,1,,,
1,1,1,1,1,1,1,1,1,1,1,,,
1,1,1,1,1,1,1,1,1,1,1,,,
1,1,1,1,1,1,1,1,1,1,1,,,
1,1,1,1,1,1,1,1,1,1,1,,,
1,1,1,1,1,1,1,1,1,1,1,,,
1,1,1,1,1,1,1,1,1,1,1,,,
1,1,1,1,1,1,1,1,1,1,1,,,
1,1,1,1,1,1,1,1,1,1,1,,,
1,1,1,1,1,1,1,1,1,1,1,,,
1,1,1,1,1,1,1,1,1,1,1,,,
28,0.763987555094633,0.866645060928183,0.866722841586725,0.823049001814882,0.680399274047187,0.757583614207934,0.651270417422867,0.91711174487944,0.773243453461239,0.77754731656728,,,
13,0.798901098901099,0.847619047619048,0.927350427350427,0.905982905982906,0.924175824175824,0.912087912087912,0.713431013431014,0.912698412698413,0.791575091575092,0.833943833943834,,,
2,0.8,0.82,0.92,0.8,1,1,0.9,0.84,0.8,0.8,,,
5,0.88,0.861818181818182,0.918181818181818,0.872727272727273,0.914545454545454,0.890909090909091,0.794545454545454,0.912727272727273,0.889090909090909,0.927272727272727,,,
6,0.804395604395604,0.951648351648351,0.915384615384615,0.934065934065934,0.928571428571429,1,0.727472527472527,0.989010989010989,0.765934065934066,0.945054945054945,,,
18,0.720578473210052,0.791370317686107,0.928781412991939,0.905168326220958,0.757515410146989,0.844001896633476,0.667045993361783,0.919155998103367,0.714556661925083,0.797534376481745,,,
6,0.8,0.905494505494505,0.908791208791209,0.989010989010989,0.975824175824176,0.989010989010989,0.758241758241758,0.958241758241758,0.759340659340659,0.615384615384615,,,
3,0.778571428571429,0.928571428571428,0.928571428571428,1,0.978571428571428,0.928571428571429,0.757142857142857,1,0.757142857142857,0.928571428571429,,,
8,0.711274509803922,0.765196078431372,0.823039215686275,0.686274509803922,0.989705882352941,0.985294117647059,0.743627450980392,0.820588235294118,0.747549019607843,0.602941176470588,,,
15,0.733709677419355,0.927983870967742,0.894354838709677,0.970967741935484,0.968306451612903,0.713709677419355,0.6775,0.912258064516129,0.762983870967742,0.839516129032258,,,
39,0.747755598831548,0.89952288218111,0.881455696202532,0.867624148003895,0.677663096397274,0.811781888997079,0.646460564751704,0.936811100292113,0.724449853943525,0.879990262901655,,,
1,1,1,1,1,1,1,1,1,1,1,,,
1,1,1,1,1,1,1,1,1,1,1,,,
1,1,1,1,1,1,1,1,1,1,1,,,
1,1,1,1,1,1,1,1,1,1,1,,,
43,0.749876066195232,0.912670408981556,0.828756287818036,0.926077130567908,0.674790406065466,0.792994094918714,0.639866588904279,0.905755631697893,0.751636655245316,0.780454909965736,,,
7,0.781428571428571,0.829285714285714,0.794285714285714,0.978571428571428,0.995714285714286,0.742857142857143,0.797142857142857,0.734285714285714,0.816428571428572,0.607142857142857,,,
63,0.774789088863892,0.90213020247469,0.865367219722535,0.939398200224972,0.65986946944132,0.887783558305212,0.648911464191976,0.949800806149231,0.783132967754031,0.845390419947507,,,
43,0.758518626521834,0.910199023110009,0.845603995042648,0.887402493256543,0.666989866588904,0.774075964132099,0.64461616971641,0.913891521469709,0.734570241306408,0.804075235109718,,,
57,0.723980115205555,0.943408821904837,0.892375917304505,0.965690838791131,0.666490965043794,0.813335437544386,0.620820642310424,0.943781267261106,0.705930718851101,0.825518819537599,,,
57,0.72562771245956,0.934747889213288,0.918750098634893,0.962234672137615,0.664740787500986,0.760214629527342,0.619016807385781,0.943552434309161,0.70089481575002,0.867608301112601,,,
2,1,1,0.8,1,1,1,0.84,1,1,0.8,,,
20,0.792229965156795,0.922473867595819,0.791567944250871,0.92404181184669,0.682926829268293,0.88397212543554,0.641149825783972,0.92390243902439,0.802195121951219,0.739372822299652,,,
112,0.750199325747999,0.91428803202697,0.892198482932996,0.933716814159292,0.65605204382638,0.768954909397388,0.626928992836073,0.928538348082597,0.7483999157185,0.851399072903498,,,
68,0.745350682323072,0.953420016054661,0.909349972931096,0.954365560886366,0.662727052102974,0.739559803610432,0.606848432803778,0.943495995668975,0.707839714749753,0.88151287173073,,,
48,0.768128024405639,0.925081527456344,0.905783189564485,0.927282768777614,0.675436566379129,0.730696402272249,0.631061960866821,0.937478960656427,0.800831054071113,0.900878392594151,,,
1,1,1,1,1,1,1,1,1,1,1,,,
6,0.881318681318681,0.989010989010989,0.891208791208791,0.934065934065934,0.967032967032967,0.89010989010989,0.706593406593407,0.957142857142857,0.830769230769231,0.945054945054945,,,
1,1,1,1,1,1,1,1,1,1,1,,,
1,1,1,1,1,1,1,1,1,1,1,,,
1,1,1,1,1,1,1,1,1,1,1,,,
1,1,1,1,1,1,1,1,1,1,1,,,
2,1,1,1,1,1,1,0.82,1,1,0.8,,,
2,1,1,1,1,1,1,0.84,1,1,0.8,,,
8,0.708823529411765,0.930882352941176,0.908333333333333,0.985294117647059,1,1,0.66421568627451,0.929411764705882,0.726960784313726,0.823529411764706,,,
1,1,1,1,1,1,1,1,1,1,1,,,
24,0.730530612244898,0.885571428571429,0.768530612244898,0.889387755102041,0.687326530612245,0.795102040816327,0.658040816326531,0.884959183673469,0.738918367346939,0.814285714285714,,,
1,1,1,1,1,1,1,1,1,1,1,,,
1,1,1,1,1,1,1,1,1,1,1,,,
57,0.744920697545964,0.938776927325811,0.907777164049554,0.900228832951945,0.664264183697625,0.793655803677109,0.617104079539178,0.943864909650438,0.72237828454194,0.863678686972303,,,
57,0.75326126410479,0.951670480549199,0.899618085693995,0.97254004576659,0.657225597727452,0.77459165154265,0.603386727688787,0.943104237355007,0.727684052710487,0.888471553696836,,,
57,0.767934979878482,0.93723033220232,0.905065888108577,0.983381993213919,0.66689181724927,0.744622425629291,0.608670401641285,0.94215892053973,0.755737394460664,0.878355559062574,,,