TestTargetsPerCommit,RLMLP,RL,RRF,RF,kNN,MART,RankNet,RankBoost,Coordinate Ascent,LambdaMART,,,,
3,0.928571428571429,0.928571428571429,0,0,0,0,0,0,0,0,,,,
3,0.821428571428572,0.904761904761905,1,0,0,0,0,0,0,0,,,,
2,0.8,0.8,1,0,0,0,0,0,0,0,,,,
1,1,1,1,0,0,0,0,0,0,0,,,,
2,0.8,0.8,0.8,0,0,0,0,0,0,0,,,,
1,1,1,1,0,0,0,0,0,0,0,,,,
1,1,1,1,0,0,0,0,0,0,0,,,,
2,0.8,0.8,0.98,0,0,0,0,0,0,0,,,,
3,0.807142857142857,0.785714285714286,0.757142857142857,0,0,0,0,0,0,0,,,,
2,0.8,0.8,1,0,0,0,0,0,0,0,,,,
1,1,1,1,0,0,0,0,0,0,0,,,,
2,0.8,0.8,0.92,0,0,0,0,0,0,0,,,,
3,0.957142857142857,1,0.807142857142857,0,0,0,0,0,0,0,,,,
2,1,1,0.92,0,0,0,0,0,0,0,,,,
3,0.778571428571429,0.738095238095238,0.778571428571429,0,0,0,0,0,0,0,,,,
1,1,1,1,0,0,0,0,0,0,0,,,,
3,0.914285714285714,0.928571428571429,0.857142857142857,0,0,0,0,0,0,0,,,,
3,0.821428571428572,0.904761904761905,0.935714285714286,0,0,0,0,0,0,0,,,,
2,0.8,0.8,0.88,0,0,0,0,0,0,0,,,,
3,0.785714285714286,0.785714285714286,0.978571428571428,0,0,0,0,0,0,0,,,,
1,1,1,1,0,0,0,0,0,0,0,,,,
2,1,1,1,0,0,0,0,0,0,0,,,,
3,0.928571428571429,0.904761904761905,0.928571428571428,0,0,0,0,0,0,0,,,,
1,1,1,1,0,0,0,0,0,0,0,,,,
1,1,1,1,0,0,0,0,0,0,0,,,,
1,1,1,1,0,0,0,0,0,0,0,,,,
4,0.836666666666667,0.833333333333333,0.713333333333333,0,0,0,0,0,0,0,,,,
2,0.8,0.8,0.8,0,0,0,0,0,0,0,,,,
1,1,1,1,0,0,0,0,0,0,0,,,,
1,1,1,1,0,0,0,0,0,0,0,,,,
2,1,1,0.8,0,0,0,0,0,0,0,,,,
4,0.763333333333333,0.766666666666667,0.766666666666666,0,0,0,0,0,0,0,,,,
4,0.873333333333333,0.822222222222222,0.933333333333333,0,0,0,0,0,0,0,,,,
3,0.785714285714286,0.785714285714286,0.957142857142857,0,0,0,0,0,0,0,,,,
3,0.928571428571429,0.928571428571429,0.928571428571428,0,0,0,0,0,0,0,,,,
3,0.928571428571429,0.928571428571429,0.928571428571428,0,0,0,0,0,0,0,,,,
4,0.9,0.944444444444445,0.96,0,0,0,0,0,0,0,,,,
1,1,1,1,0,0,0,0,0,0,0,,,,
3,0.785714285714286,0.809523809523809,0.928571428571428,0,0,0,0,0,0,0,,,,
2,1,1,0.8,0,0,0,0,0,0,0,,,,
1,1,1,1,0,0,0,0,0,0,0,,,,
3,0.785714285714286,0.809523809523809,0.928571428571428,0,0,0,0,0,0,0,,,,
3,0.785714285714286,0.809523809523809,0.928571428571428,0,0,0,0,0,0,0,,,,
3,0.785714285714286,0.785714285714286,0.928571428571428,0,0,0,0,0,0,0,,,,
3,0.928571428571429,0.928571428571429,0.935714285714286,0,0,0,0,0,0,0,,,,
3,0.785714285714286,0.833333333333333,0.928571428571428,0,0,0,0,0,0,0,,,,
3,0.935714285714286,0.928571428571429,0.928571428571428,0,0,0,0,0,0,0,,,,
3,0.928571428571429,0.928571428571429,0.928571428571428,0,0,0,0,0,0,0,,,,
1,1,1,1,0,0,0,0,0,0,0,,,,
1,1,1,1,0,0,0,0,0,0,0,,,,
4,0.86,0.870370370370371,0.933333333333333,0,0,0,0,0,0,0,,,,
3,0.807142857142857,0.785714285714286,0.928571428571428,0,0,0,0,0,0,0,,,,
1,1,1,1,0,0,0,0,0,0,0,,,,
1,1,1,1,0,0,0,0,0,0,0,,,,
1,1,1,1,0,0,0,0,0,0,0,,,,
1,1,1,1,0,0,0,0,0,0,0,,,,
1,1,1,1,0,0,0,0,0,0,0,,,,
1,1,1,1,0,0,0,0,0,0,0,,,,
1,1,1,1,0,0,0,0,0,0,0,,,,
1,1,1,1,0,0,0,0,0,0,0,,,,
1,1,1,1,0,0,0,0,0,0,0,,,,
1,1,1,1,0,0,0,0,0,0,0,,,,
1,1,1,1,0,0,0,0,0,0,0,,,,
1,1,1,1,0,0,0,0,0,0,0,,,,
3,0.907142857142857,0.928571428571429,0.928571428571428,0,0,0,0,0,0,0,,,,
8,0.734803921568628,0.69281045751634,0.819117647058823,0,0,0,0,0,0,0,,,,
27,0.730707070707071,0.752188552188552,0.730880230880231,0,0,0,0,0,0,0,,,,
9,0.807719298245614,0.742300194931774,0.778245614035088,0,0,0,0,0,0,0,,,,
3,0.8,0.80952380952381,0.95,0,0,0,0,0,0,0,,,,
1,1,1,1,0,0,0,0,0,0,0,,,,
2,0.82,0.8,0.98,0,0,0,0,0,0,0,,,,
2,0.8,0.8,0.84,0,0,0,0,0,0,0,,,,
3,1,0.968253968253968,0.778571428571429,0,0,0,0,0,0,0,,,,
1,1,1,1,0,0,0,0,0,0,0,,,,
1,1,1,1,0,0,0,0,0,0,0,,,,
1,1,1,1,0,0,0,0,0,0,0,,,,
1,1,1,1,0,0,0,0,0,0,0,,,,
1,1,1,1,0,0,0,0,0,0,0,,,,
1,1,1,1,0,0,0,0,0,0,0,,,,
1,1,1,1,0,0,0,0,0,0,0,,,,
1,1,1,1,0,0,0,0,0,0,0,,,,
1,1,1,1,0,0,0,0,0,0,0,,,,
1,1,1,1,0,0,0,0,0,0,0,,,,
30,0.75835007932311,0.787543333920912,0.805298783712322,0,0,0,0,0,0,0,,,,
1,1,1,1,0,0,0,0,0,0,0,,,,
2,1,1,0.8,0,0,0,0,0,0,0,,,,
8,0.702941176470588,0.663943355119826,0.949509803921568,0,0,0,0,0,0,0,,,,
8,0.790686274509804,0.788126361655773,0.934803921568627,0,0,0,0,0,0,0,,,,
1,1,1,1,0,0,0,0,0,0,0,,,,
1,1,1,1,0,0,0,0,0,0,0,,,,
2,1,1,0.8,0,0,0,0,0,0,0,,,,
1,1,1,1,0,0,0,0,0,0,0,,,,
2,0.8,0.8,1,0,0,0,0,0,0,0,,,,
2,1,1,0.8,0,0,0,0,0,0,0,,,,
2,0.8,0.8,0.8,0,0,0,0,0,0,0,,,,
2,0.8,0.8,0.92,0,0,0,0,0,0,0,,,,
1,1,1,1,0,0,0,0,0,0,0,,,,
2,1,1,0.86,0,0,0,0,0,0,0,,,,
2,0.8,0.8,0.86,0,0,0,0,0,0,0,,,,
1,1,1,1,0,0,0,0,0,0,0,,,,
2,0.8,0.8,1,0,0,0,0,0,0,0,,,,
1,1,1,1,0,0,0,0,0,0,0,,,,
1,1,1,1,0,0,0,0,0,0,0,,,,
3,0.907142857142857,0.857142857142857,0.964285714285714,0,0,0,0,0,0,0,,,,
1,1,1,1,0,0,0,0,0,0,0,,,,
14,0.655960591133005,0.671702244116037,0.926699507389162,0,0,0,0,0,0,0,,,,
3,1,1,0.928571428571428,0,0,0,0,0,0,0,,,,
3,0.778571428571429,0.761904761904762,0.807142857142857,0,0,0,0,0,0,0,,,,
18,0.725414888572783,0.712818081239134,0.873352299668089,0,0,0,0,0,0,0,,,,
31,0.740015360983103,0.73862860556409,0.816493855606759,0,0,0,0,0,0,0,,,,
20,0.720348432055749,0.731900890437476,0.866376306620209,0,0,0,0,0,0,0,,,,
19,0.721133603238866,0.717768780926676,0.852307692307692,0,0,0,0,0,0,0,,,,
1,1,1,1,0,0,0,0,0,0,0,,,,
2,0.8,0.8,0.94,0,0,0,0,0,0,0,,,,
2,1,1,0.84,0,0,0,0,0,0,0,,,,
2,0.8,0.8,0.8,0,0,0,0,0,0,0,,,,
17,0.737647058823529,0.725925925925926,0.828851540616247,0,0,0,0,0,0,0,,,,
9,0.734035087719298,0.741520467836257,0.807017543859649,0,0,0,0,0,0,0,,,,
10,0.688311688311688,0.698412698412699,0.787012987012987,0,0,0,0,0,0,0,,,,
1,1,1,1,0,0,0,0,0,0,0,,,,
21,0.765690123829659,0.806570690291621,0.770643310178194,0,0,0,0,0,0,0,,,,
12,0.847384615384615,0.814358974358974,0.903692307692308,0,0,0,0,0,0,0,,,,
6,0.810989010989011,0.788766788766789,0.638461538461538,0,0,0,0,0,0,0,,,,
36,0.765124028137727,0.756345386482373,0.801024311983216,0,0,0,0,0,0,0,,,,
36,0.74297173886215,0.741049268446529,0.798407997038134,0,0,0,0,0,0,0,,,,
36,0.784814266321116,0.777188147051161,0.81904850055535,0,0,0,0,0,0,0,,,,
2,1,1,0.8,0,0,0,0,0,0,0,,,,
2,0.8,0.8,0.82,0,0,0,0,0,0,0,,,,
9,0.867719298245614,0.856140350877193,0.896140350877193,0,0,0,0,0,0,0,,,,
2,1,1,0.8,0,0,0,0,0,0,0,,,,
4,0.9,0.896296296296296,0.803333333333333,0,0,0,0,0,0,0,,,,
3,0.957142857142857,0.952380952380953,0.928571428571429,0,0,0,0,0,0,0,,,,
3,0.785714285714286,0.785714285714286,0.714285714285714,0,0,0,0,0,0,0,,,,
4,0.896666666666667,0.888888888888889,0.726666666666667,0,0,0,0,0,0,0,,,,
9,0.723859649122807,0.705653021442495,0.925614035087719,0,0,0,0,0,0,0,,,,
6,0.806593406593407,0.822954822954823,0.683516483516483,0,0,0,0,0,0,0,,,,
7,0.791428571428571,0.862698412698413,0.934285714285714,0,0,0,0,0,0,0,,,,
1,1,1,1,0,0,0,0,0,0,0,,,,
6,0.840659340659341,0.800976800976801,0.927472527472527,0,0,0,0,0,0,0,,,,
41,0.77560136014441,0.813740443772768,0.860152806347341,0,0,0,0,0,0,0,,,,
5,0.774545454545454,0.777777777777778,0.830909090909091,0,0,0,0,0,0,0,,,,
1,1,1,1,0,0,0,0,0,0,0,,,,
7,0.640714285714286,0.692063492063492,0.75,0,0,0,0,0,0,0,,,,
9,0.784912280701754,0.745808966861599,0.771578947368421,0,0,0,0,0,0,0,,,,
8,0.77156862745098,0.743464052287582,0.932843137254902,0,0,0,0,0,0,0,,,,
37,0.766850640113798,0.791654812707444,0.874833570412518,0,0,0,0,0,0,0,,,,
3,0.778571428571429,0.928571428571429,0.714285714285714,0,0,0,0,0,0,0,,,,
43,0.744430269009259,0.742748252371348,0.857508930524167,0,0,0,0,0,0,0,,,,
19,0.871497975708502,0.871884840305893,0.85748987854251,0,0,0,0,0,0,0,,,,
5,0.789090909090909,0.802020202020202,0.827272727272727,0,0,0,0,0,0,0,,,,
6,0.741758241758242,0.75946275946276,0.89010989010989,0,0,0,0,0,0,0,,,,
6,0.794505494505494,0.768009768009768,0.989010989010989,0,0,0,0,0,0,0,,,,
5,0.850909090909091,0.808080808080808,0.874545454545454,0,0,0,0,0,0,0,,,,
1,1,1,1,0,0,0,0,0,0,0,,,,
3,0.928571428571429,0.936507936507937,0.928571428571428,0,0,0,0,0,0,0,,,,
4,0.916666666666667,0.822222222222222,0.936666666666666,0,0,0,0,0,0,0,,,,
1,1,1,1,0,0,0,0,0,0,0,,,,
18,0.760218112849692,0.739054844318002,0.678994784257942,0,0,0,0,0,0,0,,,,
5,0.903636363636364,0.927272727272727,0.927272727272727,0,0,0,0,0,0,0,,,,
9,0.841754385964912,0.86588693957115,0.936140350877193,0,0,0,0,0,0,0,,,,
3,0.85,0.809523809523809,0.778571428571429,0,0,0,0,0,0,0,,,,
23,0.732423681776133,0.731524308767602,0.906290471785384,0,0,0,0,0,0,0,,,,
22,0.790197628458498,0.824418093983312,0.860079051383399,0,0,0,0,0,0,0,,,,
6,0.720879120879121,0.765567765567766,0.879120879120879,0,0,0,0,0,0,0,,,,
3,0.8,0.928571428571429,0.885714285714286,0,0,0,0,0,0,0,,,,
14,0.656945812807882,0.638861521620142,0.912610837438423,0,0,0,0,0,0,0,,,,
2,1,1,1,0,0,0,0,0,0,0,,,,
5,0.825454545454545,0.793939393939394,0.963636363636364,0,0,0,0,0,0,0,,,,
4,0.763333333333333,0.781481481481481,0.666666666666667,0,0,0,0,0,0,0,,,,
1,1,1,1,0,0,0,0,0,0,0,,,,
9,0.817543859649123,0.810526315789474,0.933684210526316,0,0,0,0,0,0,0,,,,
8,0.755882352941176,0.737472766884532,0.833333333333333,0,0,0,0,0,0,0,,,,
8,0.683823529411765,0.734204793028323,0.842647058823529,0,0,0,0,0,0,0,,,,
3,0.928571428571429,0.928571428571429,1,0,0,0,0,0,0,0,,,,
8,0.703921568627451,0.778322440087146,0.791176470588235,0,0,0,0,0,0,0,,,,
3,0.714285714285714,0.880952380952381,0.928571428571428,0,0,0,0,0,0,0,,,,
5,0.927272727272728,0.913131313131313,0.970909090909091,0,0,0,0,0,0,0,,,,
5,0.867272727272727,0.905050505050505,0.992727272727273,0,0,0,0,0,0,0,,,,
8,0.833333333333333,0.843137254901961,0.952941176470588,0,0,0,0,0,0,0,,,,
22,0.847457180500659,0.825325720977895,0.895546772068511,0,0,0,0,0,0,0,,,,
1,1,1,1,0,0,0,0,0,0,0,,,,
2,0.8,0.8,0.8,0,0,0,0,0,0,0,,,,
2,1,1,1,0,0,0,0,0,0,0,,,,
8,0.690196078431373,0.730392156862745,0.953431372549019,0,0,0,0,0,0,0,,,,
2,0.8,0.8,0.84,0,0,0,0,0,0,0,,,,
2,0.8,0.8,0.8,0,0,0,0,0,0,0,,,,
38,0.720863347179137,0.755314860578018,0.894510752405489,0,0,0,0,0,0,0,,,,
5,0.830909090909091,0.882828282828283,0.934545454545455,0,0,0,0,0,0,0,,,,
29,0.806510812390415,0.746386128969414,0.864839275277616,0,0,0,0,0,0,0,,,,
5,0.936363636363636,0.888888888888889,0.838181818181818,0,0,0,0,0,0,0,,,,
1,1,1,1,0,0,0,0,0,0,0,,,,
8,0.825980392156863,0.836601307189542,0.922549019607843,0,0,0,0,0,0,0,,,,
8,0.834313725490196,0.799564270152505,0.920098039215686,0,0,0,0,0,0,0,,,,
5,0.894545454545454,0.793939393939394,0.829090909090909,0,0,0,0,0,0,0,,,,
9,0.799649122807017,0.801559454191033,0.883508771929825,0,0,0,0,0,0,0,,,,
5,0.78,0.793939393939394,0.829090909090909,0,0,0,0,0,0,0,,,,
5,0.923636363636364,0.783838383838384,0.856363636363636,0,0,0,0,0,0,0,,,,
5,0.901818181818182,0.783838383838384,0.86,0,0,0,0,0,0,0,,,,
6,0.858241758241758,0.874236874236874,0.926373626373626,0,0,0,0,0,0,0,,,,
5,0.805454545454545,0.848484848484848,0.838181818181818,0,0,0,0,0,0,0,,,,
6,0.798901098901099,0.836385836385837,0.881318681318681,0,0,0,0,0,0,0,,,,
5,0.856363636363636,0.860606060606061,0.845454545454545,0,0,0,0,0,0,0,,,,
5,0.825454545454545,0.797979797979798,0.825454545454545,0,0,0,0,0,0,0,,,,
7,0.769285714285714,0.735714285714286,0.87,0,0,0,0,0,0,0,,,,
8,0.803921568627451,0.788671023965141,0.937254901960784,0,0,0,0,0,0,0,,,,
5,0.818181818181818,0.822222222222222,0.836363636363636,0,0,0,0,0,0,0,,,,
5,0.890909090909091,0.860606060606061,0.818181818181818,0,0,0,0,0,0,0,,,,
5,0.72,0.777777777777778,0.889090909090909,0,0,0,0,0,0,0,,,,
5,0.734545454545455,0.727272727272727,0.927272727272727,0,0,0,0,0,0,0,,,,
1,1,1,1,0,0,0,0,0,0,0,,,,
5,0.725454545454545,0.719191919191919,0.934545454545455,0,0,0,0,0,0,0,,,,
1,1,1,1,0,0,0,0,0,0,0,,,,
1,1,1,1,0,0,0,0,0,0,0,,,,
1,1,1,1,0,0,0,0,0,0,0,,,,
1,1,1,1,0,0,0,0,0,0,0,,,,
1,1,1,1,0,0,0,0,0,0,0,,,,
5,0.725454545454545,0.733333333333333,0.82,0,0,0,0,0,0,0,,,,
1,1,1,1,0,0,0,0,0,0,0,,,,
5,0.821818181818182,0.808080808080808,0.972727272727273,0,0,0,0,0,0,0,,,,
22,0.757944664031621,0.770692431561997,0.929433465085639,0,0,0,0,0,0,0,,,,
1,1,1,1,0,0,0,0,0,0,0,,,,
1,1,1,1,0,0,0,0,0,0,0,,,,
8,0.794117647058824,0.757625272331155,0.937254901960784,0,0,0,0,0,0,0,,,,
5,0.701818181818182,0.743434343434343,0.850909090909091,0,0,0,0,0,0,0,,,,
5,0.774545454545455,0.761616161616162,0.818181818181818,0,0,0,0,0,0,0,,,,
5,0.723636363636364,0.694949494949495,0.818181818181818,0,0,0,0,0,0,0,,,,
1,1,1,1,0,0,0,0,0,0,0,,,,
1,1,1,1,0,0,0,0,0,0,0,,,,
3,0.885714285714286,0.80952380952381,0.935714285714286,0,0,0,0,0,0,0,,,,
3,0.985714285714286,0.96031746031746,0.928571428571428,0,0,0,0,0,0,0,,,,
8,0.85343137254902,0.925381263616558,0.937254901960784,0,0,0,0,0,0,0,,,,
1,1,1,1,0,0,0,0,0,0,0,,,,
5,0.847272727272727,0.846464646464647,0.916363636363636,0,0,0,0,0,0,0,,,,
3,1,1,0.928571428571428,0,0,0,0,0,0,0,,,,
1,1,1,1,0,0,0,0,0,0,0,,,,
1,1,1,1,0,0,0,0,0,0,0,,,,
1,1,1,1,0,0,0,0,0,0,0,,,,
2,0.8,0.822222222222222,0.8,0,0,0,0,0,0,0,,,,
5,0.945454545454546,0.945454545454546,0.912727272727273,0,0,0,0,0,0,0,,,,
5,0.827272727272727,0.812121212121212,0.849090909090909,0,0,0,0,0,0,0,,,,
1,1,1,1,0,0,0,0,0,0,0,,,,
5,0.852727272727273,0.858585858585859,0.910909090909091,0,0,0,0,0,0,0,,,,
2,0.8,0.8,0.84,0,0,0,0,0,0,0,,,,
1,1,1,1,0,0,0,0,0,0,0,,,,
3,0.928571428571429,0.928571428571429,0.928571428571429,0,0,0,0,0,0,0,,,,
10,0.767012987012987,0.810678210678211,0.907532467532468,0,0,0,0,0,0,0,,,,
2,0.8,0.8,1,0,0,0,0,0,0,0,,,,
1,1,1,1,0,0,0,0,0,0,0,,,,
3,0.771428571428571,0.761904761904762,1,0,0,0,0,0,0,0,,,,
1,1,1,1,0,0,0,0,0,0,0,,,,
45,0.770648192387323,0.784148218930828,0.910762860328078,0,0,0,0,0,0,0,,,,
1,1,1,1,0,0,0,0,0,0,0,,,,
29,0.8,0.806649782453406,0.890356516656926,0,0,0,0,0,0,0,,,,
1,1,1,1,0,0,0,0,0,0,0,,,,
31,0.808544546850999,0.804147465437788,0.914180107526882,0,0,0,0,0,0,0,,,,
1,1,1,1,0,0,0,0,0,0,0,,,,
1,1,1,1,0,0,0,0,0,0,0,,,,
1,1,1,1,0,0,0,0,0,0,0,,,,
1,1,1,1,0,0,0,0,0,0,0,,,,
7,0.870714285714286,0.842063492063492,0.872142857142857,0,0,0,0,0,0,0,,,,
1,1,1,1,0,0,0,0,0,0,0,,,,
1,1,1,1,0,0,0,0,0,0,0,,,,
1,1,1,1,0,0,0,0,0,0,0,,,,
1,1,1,1,0,0,0,0,0,0,0,,,,
5,0.843636363636364,0.818181818181818,0.909090909090909,0,0,0,0,0,0,0,,,,
5,0.845454545454545,0.844444444444445,0.92,0,0,0,0,0,0,0,,,,
3,0.857142857142857,0.833333333333334,0.714285714285714,0,0,0,0,0,0,0,,,,
2,0.8,0.8,0.8,0,0,0,0,0,0,0,,,,
6,0.808791208791209,0.785103785103785,0.905494505494505,0,0,0,0,0,0,0,,,,
1,1,1,1,0,0,0,0,0,0,0,,,,
8,0.722549019607843,0.673202614379085,0.924019607843137,0,0,0,0,0,0,0,,,,
6,0.867032967032967,0.868131868131868,0.896703296703297,0,0,0,0,0,0,0,,,,
8,0.819607843137255,0.743464052287582,0.924509803921569,0,0,0,0,0,0,0,,,,
1,1,1,1,0,0,0,0,0,0,0,,,,
3,0.842857142857143,0.833333333333334,0.928571428571428,0,0,0,0,0,0,0,,,,
7,0.843571428571429,0.773015873015873,0.927857142857143,0,0,0,0,0,0,0,,,,
1,1,1,1,0,0,0,0,0,0,0,,,,
1,1,1,1,0,0,0,0,0,0,0,,,,
1,1,1,1,0,0,0,0,0,0,0,,,,
1,1,1,1,0,0,0,0,0,0,0,,,,
1,1,1,1,0,0,0,0,0,0,0,,,,
1,1,1,1,0,0,0,0,0,0,0,,,,
3,0.785714285714286,0.785714285714286,0.928571428571428,0,0,0,0,0,0,0,,,,
6,0.805494505494506,0.84004884004884,0.89010989010989,0,0,0,0,0,0,0,,,,
6,0.907692307692308,0.851037851037851,0.89010989010989,0,0,0,0,0,0,0,,,,
6,0.847252747252747,0.791208791208791,0.89010989010989,0,0,0,0,0,0,0,,,,
5,0.84,0.854545454545454,0.878181818181818,0,0,0,0,0,0,0,,,,
1,1,1,1,0,0,0,0,0,0,0,,,,
5,0.850909090909091,0.864646464646465,0.981818181818182,0,0,0,0,0,0,0,,,,
1,1,1,1,0,0,0,0,0,0,0,,,,
1,1,1,1,0,0,0,0,0,0,0,,,,
4,0.956666666666667,0.9,0.926666666666667,0,0,0,0,0,0,0,,,,
5,0.845454545454546,0.78989898989899,0.938181818181818,0,0,0,0,0,0,0,,,,
5,0.909090909090909,0.868686868686869,0.927272727272727,0,0,0,0,0,0,0,,,,
6,0.838461538461538,0.815628815628816,0.923076923076923,0,0,0,0,0,0,0,,,,
6,0.767032967032967,0.735042735042735,0.893406593406593,0,0,0,0,0,0,0,,,,
5,0.792727272727273,0.822222222222222,0.949090909090909,0,0,0,0,0,0,0,,,,
1,1,1,1,0,0,0,0,0,0,0,,,,
5,0.896363636363636,0.868686868686869,0.943636363636364,0,0,0,0,0,0,0,,,,
4,0.94,0.907407407407408,0.866666666666667,0,0,0,0,0,0,0,,,,
5,0.745454545454545,0.804040404040404,0.927272727272727,0,0,0,0,0,0,0,,,,
4,0.87,0.840740740740741,0.873333333333333,0,0,0,0,0,0,0,,,,
5,0.849090909090909,0.864646464646465,0.925454545454546,0,0,0,0,0,0,0,,,,
6,0.804395604395604,0.818070818070818,0.953846153846154,0,0,0,0,0,0,0,,,,
13,0.767032967032967,0.809252475919143,0.912210012210012,0,0,0,0,0,0,0,,,,
5,0.810909090909091,0.76969696969697,0.956363636363636,0,0,0,0,0,0,0,,,,
5,0.78,0.77979797979798,0.934545454545455,0,0,0,0,0,0,0,,,,
4,0.953333333333334,0.966666666666667,0.876666666666667,0,0,0,0,0,0,0,,,,
5,0.86,0.854545454545455,0.912727272727273,0,0,0,0,0,0,0,,,,
7,0.702142857142857,0.702380952380952,0.926428571428571,0,0,0,0,0,0,0,,,,
1,1,1,1,0,0,0,0,0,0,0,,,,
1,1,1,1,0,0,0,0,0,0,0,,,,
5,0.805454545454545,0.81010101010101,0.929090909090909,0,0,0,0,0,0,0,,,,
4,0.966666666666667,0.955555555555556,0.866666666666667,0,0,0,0,0,0,0,,,,
4,0.786666666666667,0.814814814814815,0.866666666666667,0,0,0,0,0,0,0,,,,
6,0.786813186813187,0.726495726495727,0.912087912087912,0,0,0,0,0,0,0,,,,
6,0.867032967032967,0.871794871794872,0.905494505494505,0,0,0,0,0,0,0,,,,
6,0.752747252747253,0.898656898656899,0.906593406593407,0,0,0,0,0,0,0,,,,
6,0.837362637362637,0.810744810744811,0.896703296703297,0,0,0,0,0,0,0,,,,
8,0.761274509803922,0.752178649237473,0.931372549019608,0,0,0,0,0,0,0,,,,
23,0.794518963922294,0.801675403433035,0.943940795559667,0,0,0,0,0,0,0,,,,
30,0.753061872025384,0.749961807391739,0.90818614489688,0,0,0,0,0,0,0,,,,
9,0.79859649122807,0.823391812865497,0.868070175438597,0,0,0,0,0,0,0,,,,
8,0.791666666666667,0.793028322440087,0.873529411764706,0,0,0,0,0,0,0,,,,
4,0.966666666666667,0.907407407407408,0.866666666666667,0,0,0,0,0,0,0,,,,
4,0.7,0.733333333333333,0.866666666666667,0,0,0,0,0,0,0,,,,
1,1,1,1,0,0,0,0,0,0,0,,,,
1,1,1,1,0,0,0,0,0,0,0,,,,
1,1,1,1,0,0,0,0,0,0,0,,,,
1,1,1,1,0,0,0,0,0,0,0,,,,
17,0.685882352941177,0.65739184562714,0.923977591036415,0,0,0,0,0,0,0,,,,
8,0.727941176470588,0.702069716775599,0.861274509803922,0,0,0,0,0,0,0,,,,
2,0.8,0.8,0.8,0,0,0,0,0,0,0,,,,
1,1,1,1,0,0,0,0,0,0,0,,,,
1,1,1,1,0,0,0,0,0,0,0,,,,
1,1,1,1,0,0,0,0,0,0,0,,,,
6,0.763736263736264,0.741147741147741,0.934065934065934,0,0,0,0,0,0,0,,,,
38,0.806919396393081,0.826857353173143,0.900441663599558,0,0,0,0,0,0,0,,,,
3,0.785714285714286,0.785714285714286,0.928571428571428,0,0,0,0,0,0,0,,,,
8,0.880392156862745,0.866013071895425,0.951960784313725,0,0,0,0,0,0,0,,,,
1,1,1,1,0,0,0,0,0,0,0,,,,
1,1,1,1,0,0,0,0,0,0,0,,,,
1,1,1,1,0,0,0,0,0,0,0,,,,
1,1,1,1,0,0,0,0,0,0,0,,,,
2,1,1,1,0,0,0,0,0,0,0,,,,
1,1,1,1,0,0,0,0,0,0,0,,,,
1,1,1,1,0,0,0,0,0,0,0,,,,
1,1,1,1,0,0,0,0,0,0,0,,,,
3,0.928571428571429,0.928571428571429,0.928571428571429,0,0,0,0,0,0,0,,,,
4,0.956666666666667,0.966666666666667,0.876666666666667,0,0,0,0,0,0,0,,,,
5,0.838181818181818,0.822222222222222,0.925454545454545,0,0,0,0,0,0,0,,,,
2,0.8,0.8,0.8,0,0,0,0,0,0,0,,,,
5,0.867272727272727,0.816161616161616,0.963636363636364,0,0,0,0,0,0,0,,,,
1,1,1,1,0,0,0,0,0,0,0,,,,
2,1,1,0.82,0,0,0,0,0,0,0,,,,
9,0.769473684210526,0.769980506822612,0.855438596491228,0,0,0,0,0,0,0,,,,
18,0.662825983878616,0.679100152784363,0.932100521574206,0,0,0,0,0,0,0,,,,
6,0.82967032967033,0.802197802197802,0.895604395604395,0,0,0,0,0,0,0,,,,
1,1,1,1,0,0,0,0,0,0,0,,,,
1,1,1,1,0,0,0,0,0,0,0,,,,
9,0.81859649122807,0.789083820662768,0.835087719298246,0,0,0,0,0,0,0,,,,
23,0.723103607770583,0.717699660807894,0.923658649398705,0,0,0,0,0,0,0,,,,
5,0.796363636363636,0.806060606060606,0.850909090909091,0.834545454545455,0.872727272727273,1,0.727272727272727,0.890909090909091,0.909090909090909,0.981818181818182,,,,
5,0.854545454545455,0.832323232323232,0.818181818181818,0.823636363636364,0.818181818181818,1,0.727272727272727,0.890909090909091,0.909090909090909,0.981818181818182,,,,
1,1,1,1,1,1,1,1,1,1,1,,,,
1,1,1,1,1,1,1,1,1,1,1,,,,
4,0.836666666666667,0.833333333333333,0.703333333333333,0.703333333333333,0.666666666666667,0.866666666666667,1,0.966666666666667,0.9,0.9,,,,
5,0.865454545454546,0.816161616161616,0.967272727272727,0.974545454545454,0.963636363636364,1,1,1,0.836363636363636,0.872727272727273,,,,
6,0.88021978021978,0.798534798534799,0.889010989010989,0.885714285714286,0.879120879120879,1,0.879120879120879,0.89010989010989,0.758241758241758,0.89010989010989,,,,
1,1,1,1,1,1,1,1,1,1,1,,,,
1,1,1,1,1,1,1,1,1,1,1,,,,
1,1,1,1,1,1,1,1,1,1,1,,,,
1,1,1,1,1,1,1,1,1,1,1,,,,
2,0.8,0.8,1,1,0.8,1,1,1,0.8,1,,,,
2,0.8,0.8,1,1,1,1,1,1,0.8,1,,,,
2,0.8,0.8,1,1,0.8,1,1,1,0.8,1,,,,
6,0.8,0.755799755799756,0.889010989010989,0.889010989010989,0.78021978021978,1,0.945054945054945,1,0.67032967032967,1,,,,
1,1,1,1,1,1,1,1,1,1,1,,,,
1,1,1,1,1,1,1,1,1,1,1,,,,
1,1,1,1,1,1,1,1,1,1,1,,,,
1,1,1,1,1,1,1,1,1,1,1,,,,
1,1,1,1,1,1,1,1,1,1,1,,,,
1,1,1,1,1,1,1,1,1,1,1,,,,
1,1,1,1,1,1,1,1,1,1,1,,,,
1,1,1,1,1,1,1,1,1,1,1,,,,
1,1,1,1,1,1,1,1,1,1,1,,,,
1,1,1,1,1,1,1,1,1,1,1,,,,
18,0.688003793266951,0.737421632158474,0.906875296348981,0.912612612612613,0.856330014224751,0.938833570412518,0.885253674727359,0.912280701754386,0.703651019440493,0.935040303461356,,,,
1,1,1,1,1,1,1,1,1,1,1,,,,
6,0.858241758241758,0.84981684981685,0.953846153846154,0.954945054945055,0.89010989010989,1,0.945054945054945,1,0.67032967032967,1,,,,
6,0.808791208791209,0.7997557997558,0.956043956043956,0.956043956043956,0.78021978021978,1,0.945054945054945,1,0.67032967032967,0.967032967032967,,,,
4,0.93,0.944444444444444,0.966666666666667,0.966666666666667,0.866666666666667,1,0.966666666666667,1,0.7,1,,,,
6,0.88021978021978,0.898656898656899,0.956043956043956,0.956043956043956,0.879120879120879,1,0.945054945054945,1,0.67032967032967,0.967032967032967,,,,
4,0.913333333333333,0.859259259259259,0.766666666666666,0.76,0.666666666666667,1,0.9,0.9,0.966666666666667,0.9,,,,
4,0.836666666666667,0.792592592592593,0.686666666666667,0.746666666666667,0.666666666666667,0.9,1,0.966666666666667,0.9,0.9,,,,
2,1,1,0.9,0.84,0.8,1,1,0.8,0.8,0.8,,,,
1,1,1,1,1,1,1,1,1,1,1,,,,
2,0.8,0.8,0.96,0.96,0.8,1,1,1,0.8,1,,,,
2,0.8,0.8,0.84,0.92,0.8,1,1,1,0.8,1,,,,
3,0.928571428571429,0.928571428571429,0.928571428571428,0.928571428571428,0.928571428571428,0.928571428571428,1,1,0.785714285714286,1,,,,
3,0.785714285714286,0.785714285714286,0.935714285714286,0.935714285714286,0.928571428571428,1,1,0.785714285714286,0.785714285714286,1,,,,
13,0.804151404151404,0.81033781033781,0.919291819291819,0.926739926739927,0.90964590964591,0.879120879120879,0.811965811965812,0.897435897435897,0.819291819291819,0.954822954822955,,,,
24,0.770428571428572,0.76390022675737,0.934836734693877,0.926020408163266,0.893265306122449,0.931836734693878,0.810816326530612,0.702857142857143,0.76795918367347,0.917755102040817,,,,
5,0.925454545454545,0.907070707070707,0.927272727272727,0.925454545454545,0.909090909090909,1,1,0.981818181818182,0.836363636363636,0.818181818181818,,,,
19,0.688623481781376,0.687044534412955,0.914372469635627,0.928461538461538,0.880971659919028,0.977327935222672,0.848987854251012,0.791902834008097,0.731578947368421,0.90080971659919,,,,
1,1,1,1,1,1,1,1,1,1,1,,,,
8,0.689705882352941,0.701525054466231,0.901960784313725,0.950980392156863,0.931372549019608,0.965686274509804,0.980392156862745,0.911764705882353,0.764705882352941,0.867647058823529,,,,
4,0.913333333333333,0.766666666666667,0.7,0.82,0.666666666666667,0.966666666666667,1,1,0.966666666666667,0.766666666666667,,,,
1,1,1,1,1,1,1,1,1,1,1,,,,
18,0.768563300142248,0.751066856330014,0.928639165481271,0.913039355144618,0.86533902323376,0.944997629208156,0.782361308677098,0.795163584637269,0.754860123281176,0.873399715504979,,,,
1,1,1,1,1,1,1,1,1,1,1,,,,
1,1,1,1,1,1,1,1,1,1,1,,,,
1,1,1,1,1,1,1,1,1,1,1,,,,
1,1,1,1,1,1,1,1,1,1,1,,,,
24,0.776632653061225,0.772154195011338,0.880877551020408,0.908163265306123,0.879591836734694,0.928571428571429,0.832040816326531,0.862040816326531,0.728571428571429,0.944897959183674,,,,
6,0.834065934065934,0.783882783882784,0.961538461538462,0.953846153846154,0.89010989010989,0.989010989010989,0.945054945054945,1,0.67032967032967,0.967032967032967,,,,
6,0.79010989010989,0.813186813186813,0.958241758241758,0.958241758241758,0.78021978021978,0.989010989010989,0.945054945054945,1,0.67032967032967,0.967032967032967,,,,
6,0.856043956043956,0.842490842490843,0.923076923076923,0.942857142857143,0.78021978021978,0.989010989010989,0.945054945054945,1,0.67032967032967,0.967032967032967,,,,
7,0.789285714285714,0.724603174603175,0.9,0.859285714285714,0.771428571428572,0.95,0.957142857142857,0.892857142857143,0.642857142857143,0.828571428571429,,,,
1,1,1,1,1,1,1,1,1,1,1,,,,
1,1,1,1,1,1,1,1,1,1,1,,,,
2,1,1,0.8,1,1,1,0.8,1,1,0.8,,,,
6,0.726373626373626,0.802197802197802,0.88021978021978,0.905494505494505,0.879120879120879,0.956043956043956,0.813186813186813,0.89010989010989,0.802197802197802,1,,,,
5,0.763636363636363,0.711111111111111,0.983636363636363,0.927272727272727,0.745454545454546,0.963636363636364,0.909090909090909,0.890909090909091,0.672727272727273,0.836363636363636,,,,
9,0.79859649122807,0.747368421052632,0.925964912280702,0.929824561403509,0.8,0.992982456140351,0.856140350877193,0.880701754385965,0.666666666666667,0.936842105263158,,,,
6,0.74945054945055,0.769230769230769,0.971428571428572,0.948351648351648,0.879120879120879,0.912087912087912,0.758241758241758,0.868131868131868,0.857142857142857,0.956043956043956,,,,
1,1,1,1,1,1,1,1,1,1,1,,,,
1,1,1,1,1,1,1,1,1,1,1,,,,
8,0.831862745098039,0.747276688453159,0.872549019607843,0.895588235294118,0.852941176470588,0.950980392156863,0.985294117647059,0.882352941176471,0.759803921568627,0.877450980392157,,,,
1,1,1,1,1,1,1,1,1,1,1,,,,
2,1,1,0.94,0.82,0.8,0.8,0.8,1,1,0.8,,,,
1,1,1,1,1,1,1,1,1,1,1,,,,
5,0.785454545454545,0.812121212121212,0.976363636363636,0.927272727272727,0.745454545454546,0.963636363636364,0.909090909090909,0.890909090909091,0.672727272727273,1,,,,
2,0.8,0.8,1,1,0.8,1,0.8,1,1,1,,,,
25,0.783981900452489,0.790025138260432,0.931004524886878,0.924886877828054,0.829321266968326,0.906606334841629,0.853393665158371,0.831493212669683,0.73158371040724,0.914389140271493,,,,
25,0.738190045248869,0.755153343388637,0.915692307692308,0.923221719457014,0.829321266968326,0.935927601809954,0.800542986425339,0.727601809954751,0.721085972850679,0.951855203619909,,,,
2,0.8,0.8,0.96,1,0.8,1,1,1,0.8,1,,,,
6,0.80989010989011,0.824175824175824,0.918681318681319,0.898901098901099,0.879120879120879,0.857142857142857,1,0.912087912087912,0.626373626373626,0.923076923076923,,,,
5,0.867272727272727,0.917171717171717,0.838181818181818,0.836363636363636,0.836363636363636,0.945454545454545,0.836363636363636,1,0.8,0.945454545454545,,,,
6,0.864835164835165,0.908424908424909,0.796703296703297,0.850549450549451,0.879120879120879,0.879120879120879,0.813186813186813,0.89010989010989,0.802197802197802,0.89010989010989,,,,
7,0.765,0.798412698412698,0.910714285714286,0.925714285714286,0.778571428571429,0.992857142857143,0.957142857142857,0.892857142857143,0.642857142857143,0.907142857142857,,,,
2,0.8,0.822222222222222,0.8,1,0.8,1,0.8,1,1,1,,,,
7,0.82,0.845238095238095,0.885714285714286,0.922857142857143,0.771428571428572,0.992857142857143,0.957142857142857,0.892857142857143,0.642857142857143,0.971428571428571,,,,
2,1,1,0.92,1,0.8,1,0.8,1,1,1,,,,
2,0.8,0.8,1,1,0.8,1,0.8,1,1,1,,,,
2,0.8,0.8,1,1,0.8,1,0.8,1,1,1,,,,
5,0.82,0.82020202020202,0.84,0.927272727272727,0.745454545454546,0.981818181818182,0.963636363636364,0.890909090909091,0.672727272727273,0.945454545454545,,,,
5,0.836363636363636,0.882828282828283,0.905454545454545,0.927272727272727,0.745454545454546,0.981818181818182,0.963636363636364,0.890909090909091,0.672727272727273,0.890909090909091,,,,
5,0.743636363636363,0.767676767676768,0.84,0.927272727272727,0.745454545454546,0.981818181818182,0.963636363636364,0.890909090909091,0.672727272727273,0.890909090909091,,,,
5,0.823636363636364,0.854545454545455,0.818181818181818,0.927272727272727,0.745454545454546,0.981818181818182,0.909090909090909,0.890909090909091,0.672727272727273,0.981818181818182,,,,
5,0.792727272727273,0.878787878787879,0.84,0.927272727272727,0.745454545454546,0.981818181818182,0.909090909090909,0.890909090909091,0.672727272727273,0.890909090909091,,,,
5,0.932727272727273,0.921212121212121,0.818181818181818,0.927272727272727,0.745454545454546,0.981818181818182,0.909090909090909,0.890909090909091,0.672727272727273,0.890909090909091,,,,
1,1,1,1,1,1,1,1,1,1,1,,,,
2,1,1,1,1,0.8,1,0.8,1,1,1,,,,
4,0.903333333333334,0.888888888888889,0.866666666666667,0.866666666666667,0.866666666666667,1,0.966666666666667,0.8,0.7,1,,,,
4,0.9,0.922222222222222,0.866666666666667,0.866666666666667,0.866666666666667,1,0.966666666666667,0.8,0.7,1,,,,
1,1,1,1,1,1,1,1,1,1,1,,,,
1,1,1,1,1,1,1,1,1,1,1,,,,
6,0.787912087912088,0.800976800976801,0.885714285714286,0.889010989010989,0.89010989010989,1,0.945054945054945,0.802197802197802,0.714285714285714,1,,,,
6,0.757142857142857,0.748473748473749,0.89010989010989,0.89010989010989,0.78021978021978,1,0.945054945054945,0.835164835164835,0.67032967032967,0.967032967032967,,,,
6,0.801098901098901,0.798534798534799,0.89010989010989,0.89010989010989,0.78021978021978,1,0.945054945054945,0.835164835164835,0.67032967032967,0.967032967032967,,,,
6,0.823076923076923,0.785103785103785,0.89010989010989,0.89010989010989,0.78021978021978,1,0.945054945054945,0.835164835164835,0.67032967032967,0.967032967032967,,,,
6,0.775824175824176,0.763125763125763,0.89010989010989,0.89010989010989,0.78021978021978,1,0.945054945054945,0.835164835164835,0.67032967032967,0.967032967032967,,,,
1,1,1,1,1,1,1,1,1,1,1,,,,
1,1,1,1,1,1,1,1,1,1,1,,,,
6,0.764835164835165,0.825396825396826,0.954945054945055,0.903296703296703,0.89010989010989,1,0.945054945054945,0.835164835164835,0.67032967032967,1,,,,
6,0.845054945054945,0.787545787545788,0.956043956043956,0.896703296703297,0.78021978021978,1,0.945054945054945,0.835164835164835,0.67032967032967,0.934065934065934,,,,
2,1,1,0.92,1,0.8,1,0.8,1,1,1,,,,
2,0.8,0.8,1,0.98,0.8,1,1,0.8,0.8,1,,,,
8,0.804411764705882,0.851851851851852,0.849019607843137,0.878921568627451,0.799019607843137,0.970588235294118,0.892156862745098,0.897058823529412,0.696078431372549,0.950980392156863,,,,
6,0.883516483516484,0.894993894993895,0.935164835164835,0.903296703296703,0.78021978021978,1,0.945054945054945,0.835164835164835,0.67032967032967,0.934065934065934,,,,
1,1,1,1,1,1,1,1,1,1,1,,,,
2,1,1,0.84,1,0.8,1,0.8,1,1,1,,,,
4,0.88,0.862962962962963,0.886666666666667,0.886666666666667,0.866666666666667,1,0.966666666666667,0.8,0.7,1,,,,
1,1,1,1,1,1,1,1,1,1,1,,,,
7,0.841428571428571,0.831746031746032,0.927857142857143,0.865714285714286,0.85,0.978571428571429,0.957142857142857,0.792857142857143,0.65,1,,,,
7,0.775714285714286,0.758730158730159,0.930714285714286,0.929285714285714,0.857142857142857,1,0.957142857142857,0.792857142857143,0.635714285714286,0.957142857142857,,,,
7,0.809285714285714,0.773015873015873,0.927142857142857,0.929285714285714,0.857142857142857,1,0.957142857142857,0.792857142857143,0.635714285714286,0.957142857142857,,,,
5,0.761818181818182,0.733333333333333,0.872727272727273,0.927272727272727,0.927272727272727,0.945454545454545,0.690909090909091,0.818181818181818,0.836363636363636,0.927272727272727,,,,
6,0.882417582417583,0.827838827838828,0.810989010989011,0.886813186813187,0.747252747252747,1,0.725274725274725,0.835164835164835,0.846153846153846,0.956043956043956,,,,
11,0.811067193675889,0.862758014931928,0.939130434782609,0.962845849802372,0.788537549407115,0.99802371541502,0.847826086956522,0.792490118577075,0.677865612648221,0.928853754940712,,,,
8,0.811274509803922,0.843137254901961,0.897058823529412,0.905392156862745,0.818627450980392,0.946078431372549,0.995098039215686,0.877450980392157,0.75,0.901960784313725,,,,
19,0.771578947368421,0.793297345928925,0.845910931174089,0.893603238866396,0.787449392712551,0.94251012145749,0.898785425101215,0.756275303643725,0.67246963562753,0.91336032388664,,,,
7,0.809285714285714,0.784126984126984,0.863571428571429,0.95,0.857142857142857,0.95,0.95,0.785714285714286,0.664285714285714,0.928571428571428,,,,
9,0.851578947368421,0.832358674463938,0.875789473684211,0.954385964912281,0.778947368421053,1,0.887719298245614,0.835087719298246,0.656140350877193,0.968421052631579,,,,
1,1,1,1,1,1,1,1,1,1,1,,,,
9,0.769824561403509,0.781676413255361,0.821754385964912,0.864561403508772,0.810526315789474,0.87719298245614,0.775438596491228,0.870175438596491,0.859649122807017,0.810526315789474,,,,
1,1,1,1,1,1,1,1,1,1,1,,,,
1,1,1,1,1,1,1,1,1,1,1,,,,
7,0.752857142857143,0.743650793650794,0.857142857142857,0.929285714285714,0.857142857142857,1,0.957142857142857,0.792857142857143,0.635714285714286,0.978571428571429,,,,
2,1,1,1,1,0.8,1,0.8,1,1,1,,,,
2,1,1,1,1,0.8,1,0.8,1,1,1,,,,
2,0.8,0.8,1,0.88,0.8,1,0.8,1,1,1,,,,
2,0.8,0.8,0.82,0.86,0.8,1,0.8,1,1,1,,,,
2,0.8,0.8,0.8,0.9,0.8,1,0.8,1,1,1,,,,
7,0.779285714285714,0.711111111111111,0.868571428571429,0.929285714285714,0.85,1,0.957142857142857,0.792857142857143,0.635714285714286,1,,,,
7,0.736428571428571,0.737301587301587,0.853571428571429,0.929285714285714,0.857142857142857,1,0.957142857142857,0.792857142857143,0.635714285714286,0.957142857142857,,,,
2,0.8,0.8,0.8,0.84,0.8,1,0.8,1,1,1,,,,
2,1,1,1,1,0.8,1,0.8,1,1,1,,,,
2,1,1,1,1,0.8,1,0.8,1,1,1,,,,
1,1,1,1,1,1,1,1,1,1,1,,,,
2,1,1,1,1,0.8,1,0.8,1,1,1,,,,
2,0.8,0.8,1,1,0.8,1,0.8,1,1,1,,,,
2,0.8,0.8,1,1,0.8,1,0.8,1,1,1,,,,
2,0.8,0.8,1,1,0.8,1,0.8,1,1,1,,,,
2,1,1,1,1,0.8,1,0.8,1,1,1,,,,
1,1,1,1,1,1,1,1,1,1,1,,,,
1,1,1,1,1,1,1,1,1,1,1,,,,
1,1,1,1,1,1,1,1,1,1,1,,,,
1,1,1,1,1,1,1,1,1,1,1,,,,
1,1,1,1,1,1,1,1,1,1,1,,,,
6,0.932967032967033,0.881562881562882,0.786813186813187,0.893406593406593,0.747252747252747,1,0.725274725274725,0.78021978021978,0.846153846153846,0.923076923076923,,,,
6,0.860439560439561,0.816849816849817,0.939560439560439,0.95054945054945,0.912087912087912,1,0.802197802197802,0.89010989010989,0.802197802197802,0.923076923076923,,,,
20,0.652682926829268,0.652264808362369,0.883379790940767,0.93993031358885,0.857142857142857,0.933449477351916,0.832404181184669,0.867595818815331,0.727177700348432,0.935191637630662,,,,
20,0.680452961672474,0.684939992257065,0.926132404181185,0.953449477351916,0.868989547038328,0.965853658536585,0.808362369337979,0.767595818815331,0.690592334494774,0.92822299651568,,,,
20,0.700104529616725,0.702361595044522,0.923205574912892,0.949965156794425,0.868989547038328,0.964459930313589,0.836933797909408,0.767595818815331,0.682229965156794,0.929616724738676,,,,
2,1,1,1,0.8,0.8,0.8,0.8,0.8,1,1,,,,
2,1,1,1,1,0.8,1,0.8,0.8,1,1,,,,
20,0.68822299651568,0.691908633372048,0.920592334494774,0.939128919860627,0.851219512195122,0.954703832752613,0.81602787456446,0.657142857142857,0.68397212543554,0.950871080139373,,,,
4,0.83,0.840740740740741,0.933333333333333,0.943333333333333,0.666666666666667,0.966666666666667,0.866666666666667,0.9,0.833333333333333,0.9,,,,
1,1,1,1,1,1,1,1,1,1,1,,,,
1,1,1,1,1,1,1,1,1,1,1,,,,
8,0.781372549019608,0.770697167755991,0.852941176470588,0.823529411764706,0.818627450980392,0.96078431372549,0.990196078431372,0.887254901960784,0.769607843137255,0.901960784313725,,,,
5,0.787272727272727,0.818181818181818,0.84,0.881818181818182,0.836363636363636,0.945454545454545,0.945454545454545,0.945454545454545,0.872727272727273,0.690909090909091,,,,
20,0.700174216027875,0.677506775067751,0.865261324041812,0.943170731707317,0.885714285714286,0.924390243902439,0.837282229965157,0.765505226480836,0.685017421602787,0.917421602787456,,,,
9,0.751929824561403,0.744249512670565,0.872631578947368,0.95859649122807,0.740350877192982,1,0.887719298245614,0.863157894736842,0.656140350877193,0.992982456140351,,,,
1,1,1,1,1,1,1,1,1,1,1,,,,
1,1,1,1,1,1,1,1,1,1,1,,,,
2,1,1,1,1,0.8,1,1,1,0.8,1,,,,
2,0.8,0.8,1,1,0.8,1,1,1,0.8,1,,,,
7,0.768571428571429,0.804761904761905,0.852857142857143,0.929285714285714,0.85,1,0.957142857142857,0.792857142857143,0.635714285714286,1,,,,
3,0.842857142857143,0.761904761904762,0.928571428571428,0.928571428571428,0.928571428571428,0.928571428571428,0.928571428571429,0.785714285714286,0.785714285714286,1,,,,
1,1,1,1,1,1,1,1,1,1,1,,,,
17,0.759047619047619,0.78182384064737,0.879439775910364,0.91563025210084,0.810084033613445,0.933333333333334,0.860504201680672,0.716526610644258,0.654901960784314,0.867787114845938,,,,
26,0.748701822286728,0.765808382160583,0.869408159974197,0.933833252701177,0.875987743912272,0.949201741654572,0.885824866956942,0.757619738751814,0.654571843251088,0.92114175133043,,,,
1,1,1,1,1,1,1,1,1,1,1,,,,
1,1,1,1,1,1,1,1,1,1,1,,,,
3,0.757142857142857,0.761904761904762,0.928571428571428,0.928571428571428,0.714285714285714,0.714285714285714,0.928571428571429,1,0.714285714285714,0.785714285714286,,,,
1,1,1,1,1,1,1,1,1,1,1,,,,
1,1,1,1,1,1,1,1,1,1,1,,,,
2,1,1,1,1,0.8,1,0.8,1,0.8,1,,,,
1,1,1,1,1,1,1,1,1,1,1,,,,
9,0.817543859649123,0.802729044834308,0.877894736842105,0.924210526315789,0.894736842105263,0.989473684210526,0.842105263157895,0.87719298245614,0.726315789473684,0.905263157894737,,,,
22,0.708458498023716,0.686166007905138,0.874255599472991,0.886745718050066,0.814756258234519,0.957048748353096,0.861660079051384,0.723320158102767,0.627931488801054,0.954413702239789,,,,
4,0.766666666666667,0.781481481481482,0.873333333333333,0.956666666666667,0.666666666666667,1,0.7,0.833333333333333,0.7,1,,,,
1,1,1,1,1,1,1,1,1,1,1,,,,
1,1,1,1,1,1,1,1,1,1,1,,,,
1,1,1,1,1,1,1,1,1,1,1,,,,
2,1,1,0.86,1,0.8,0.8,1,1,0.8,1,,,,
1,1,1,1,1,1,1,1,1,1,1,,,,
1,1,1,1,1,1,1,1,1,1,1,,,,
1,1,1,1,1,1,1,1,1,1,1,,,,
1,1,1,1,1,1,1,1,1,1,1,,,,
2,0.8,0.8,1,1,0.8,1,1,1,0.8,1,,,,
2,0.8,0.8,1,1,0.8,1,1,1,0.8,1,,,,
2,0.8,0.8,1,1,0.8,1,1,1,0.8,1,,,,
1,1,1,1,1,1,1,1,1,1,1,,,,
1,1,1,1,1,1,1,1,1,1,1,,,,
1,1,1,1,1,1,1,1,1,1,1,,,,
1,1,1,1,1,1,1,1,1,1,1,,,,
1,1,1,1,1,1,1,1,1,1,1,,,,
1,1,1,1,1,1,1,1,1,1,1,,,,
1,1,1,1,1,1,1,1,1,1,1,,,,
1,1,1,1,1,1,1,1,1,1,1,,,,
1,1,1,1,1,1,1,1,1,1,1,,,,
1,1,1,1,1,1,1,1,1,1,1,,,,
31,0.746332565284178,0.747983870967742,0.825604838709678,0.920660522273426,0.85752688172043,0.89602534562212,0.775441628264209,0.803667434715822,0.714957757296467,0.892569124423964,,,,
7,0.806428571428571,0.832539682539682,0.904285714285714,0.880714285714286,0.821428571428572,0.978571428571428,0.935714285714286,1,0.814285714285714,0.864285714285714,,,,
5,0.867272727272727,0.777777777777778,0.929090909090909,0.78,0.818181818181818,0.8,0.690909090909091,0.818181818181818,0.763636363636363,0.763636363636363,,,,
7,0.808571428571429,0.807936507936508,0.928571428571428,0.947142857142857,0.9,0.985714285714286,0.742857142857143,0.878571428571429,0.857142857142857,0.971428571428572,,,,
6,0.785714285714286,0.821733821733822,0.883516483516483,0.92967032967033,0.78021978021978,0.989010989010989,0.67032967032967,0.835164835164835,0.945054945054945,1,,,,
5,0.789090909090909,0.781818181818182,0.823636363636364,0.883636363636364,0.818181818181818,0.981818181818182,0.690909090909091,0.818181818181818,0.945454545454545,1,,,,
6,0.825274725274725,0.851037851037851,0.883516483516483,0.935164835164835,0.879120879120879,0.989010989010989,0.758241758241758,0.868131868131868,0.857142857142857,0.989010989010989,,,,
7,0.848571428571429,0.894444444444444,0.852142857142857,0.925714285714286,0.75,1,0.957142857142857,0.792857142857143,0.635714285714286,0.914285714285714,,,,
1,1,1,1,1,1,1,1,1,1,1,,,,
7,0.840714285714286,0.776190476190476,0.908571428571429,0.932142857142857,0.921428571428572,0.971428571428572,0.742857142857143,0.878571428571429,0.857142857142857,0.957142857142857,,,,
1,1,1,1,1,1,1,1,1,1,1,,,,
1,1,1,1,1,1,1,1,1,1,1,,,,
1,1,1,1,1,1,1,1,1,1,1,,,,
5,0.78,0.771717171717172,0.818181818181818,0.925454545454546,0.818181818181818,1,0.963636363636364,0.8,0.654545454545454,1,,,,
1,1,1,1,1,1,1,1,1,1,1,,,,
1,1,1,1,1,1,1,1,1,1,1,,,,
1,1,1,1,1,1,1,1,1,1,1,,,,
1,1,1,1,1,1,1,1,1,1,1,,,,
1,1,1,1,1,1,1,1,1,1,1,,,,
1,1,1,1,1,1,1,1,1,1,1,,,,
1,1,1,1,1,1,1,1,1,1,1,,,,
1,1,1,1,1,1,1,1,1,1,1,,,,
1,1,1,1,1,1,1,1,1,1,1,,,,
1,1,1,1,1,1,1,1,1,1,1,,,,
1,1,1,1,1,1,1,1,1,1,1,,,,
1,1,1,1,1,1,1,1,1,1,1,,,,
1,1,1,1,1,1,1,1,1,1,1,,,,
1,1,1,1,1,1,1,1,1,1,1,,,,
7,0.828571428571429,0.826190476190476,0.860714285714286,0.911428571428572,0.75,1,0.957142857142857,0.792857142857143,0.65,1,,,,
1,1,1,1,1,1,1,1,1,1,1,,,,
7,0.842857142857143,0.833333333333333,0.861428571428571,0.867142857142857,0.928571428571428,0.964285714285714,0.9,0.978571428571428,0.7,0.914285714285714,,,,
8,0.804411764705882,0.814270152505447,0.953431372549019,0.883823529411765,0.828431372549019,0.96078431372549,0.857843137254902,0.857843137254902,0.725490196078431,0.906862745098039,,,,
7,0.860714285714286,0.840476190476191,0.923571428571429,0.895,0.707142857142857,0.978571428571429,0.9,0.992857142857143,0.664285714285714,0.857142857142857,,,,
1,1,1,1,1,1,1,1,1,1,1,,,,
1,1,1,1,1,1,1,1,1,1,1,,,,
7,0.758571428571429,0.769047619047619,0.892857142857143,0.892857142857143,0.9,0.978571428571428,0.85,0.85,0.728571428571429,0.842857142857143,,,,
8,0.825980392156863,0.792483660130719,0.916666666666667,0.881862745098039,0.867647058823529,0.955882352941176,0.867647058823529,0.946078431372549,0.720588235294118,0.946078431372549,,,,
8,0.812745098039216,0.820261437908497,0.965196078431373,0.941176470588235,0.78921568627451,0.931372549019608,0.857843137254902,0.92156862745098,0.725490196078431,0.916666666666667,,,,
15,0.786693548387097,0.79426523297491,0.938709677419355,0.946693548387097,0.933870967741936,0.966935483870968,0.841935483870968,0.887903225806452,0.681451612903226,0.908064516129032,,,,
7,0.743571428571429,0.756349206349206,0.972857142857143,0.93,0.892857142857143,0.95,0.771428571428572,0.878571428571429,0.828571428571428,0.978571428571428,,,,
7,0.815714285714286,0.844444444444444,0.922142857142857,0.907857142857143,0.871428571428571,0.942857142857143,0.907142857142857,1,0.657142857142857,0.864285714285714,,,,
5,0.796363636363636,0.77979797979798,0.876363636363636,0.749090909090909,0.636363636363636,0.927272727272727,0.727272727272727,1,0.909090909090909,0.854545454545455,,,,
1,1,1,1,1,1,1,1,1,1,1,,,,
1,1,1,1,1,1,1,1,1,1,1,,,,
17,0.77484593837535,0.781263616557734,0.897422969187675,0.868011204481793,0.814565826330532,0.958543417366947,0.819607843137255,0.797198879551821,0.684593837535014,0.86218487394958,,,,
6,0.843956043956044,0.838827838827839,0.967032967032967,0.912087912087912,0.846153846153846,0.945054945054945,0.692307692307692,0.835164835164835,0.912087912087912,1,,,,
6,0.786813186813187,0.831501831501832,0.947252747252747,0.907692307692308,0.901098901098901,0.956043956043956,0.692307692307692,0.835164835164835,0.912087912087912,0.989010989010989,,,,
2,1,1,1,0.8,1,0.8,1,1,0.8,1,,,,