TestTargetsPerCommit,RL,RF,RRF,MART,RankNet,RankBoost,Coordinate Ascent,LambdaMART,RLMLP,kNN,io,normal,RPA
1,1,0,0,0,0,0,0,0,1,0,,,
21,0.758864391422531,0,0,0,0,0,0,0,0.762186650558744,0,,,
1,1,0,1,0,0,0,0,0,1,0,,,
42,0.749794801641587,0,0.889536837991011,0,0,0,0,0,0.754316982606996,0,,,
10,0.835324675324676,0,0.872207792207792,0,0,0,0,0,0.848311688311688,0,,,
10,0.801558441558442,0,0.942597402597403,0,0,0,0,0,0.817402597402597,0,,,
26,0.785179809708112,0,0.924092888243832,0,0,0,0,0,0.7870343492985,0,,,
2,0.8,0,1,0,0,0,0,0,0.8,0,,,
4,0.726666666666667,0,0.933333333333333,0,0,0,0,0,0.77,0,,,
1,1,0,1,0,0,0,0,0,1,0,,,
1,1,0,1,0,0,0,0,0,1,0,,,
21,0.746813651464814,0,0.931833282996074,0,0,0,0,0,0.80338266384778,0,,,
1,1,0,1,0,0,0,0,0,1,0,,,
26,0.797710046766651,0,0.880470891791647,0,0,0,0,0,0.817174649250121,0,,,
1,1,0,1,0,0,0,0,0,1,0,,,
1,1,0,1,0,0,0,0,0,1,0,,,
1,1,0,1,0,0,0,0,0,1,0,,,
1,1,0,1,0,0,0,0,0,1,0,,,
1,1,0,1,0,0,0,0,0,1,0,,,
1,1,0,1,0,0,0,0,0,1,0,,,
1,1,0,1,0,0,0,0,0,1,0,,,
1,1,0,1,0,0,0,0,0,1,0,,,
1,1,0,1,0,0,0,0,0,1,0,,,
1,1,0,1,0,0,0,0,0,1,0,,,
1,1,0,1,0,0,0,0,0,1,0,,,
1,1,0,1,0,0,0,0,0,1,0,,,
22,0.792832674571805,0,0.829090909090909,0,0,0,0,0,0.796811594202899,0,,,
1,1,0,1,0,0,0,0,0,1,0,,,
21,0.797885835095138,0,0.842434309876171,0,0,0,0,0,0.825853216550891,0,,,
1,1,0,1,0,0,0,0,0,1,0,,,
1,1,0,1,0,0,0,0,0,1,0,,,
1,1,0,1,0,0,0,0,0,1,0,,,
1,1,0,1,0,0,0,0,0,1,0,,,
2,1,0,0.8,0,0,0,0,0,1,0,,,
37,0.734884779516358,0,0.859032716927454,0,0,0,0,0,0.721815078236131,0,,,
61,0.704117062852278,0,0.912896776773162,0,0,0,0,0,0.726567437541113,0,,,
1,1,0,1,0,0,0,0,0,1,0,,,
5,0.725454545454546,0,0.929090909090909,0,0,0,0,0,0.716363636363636,0,,,
1,1,0,1,0,0,0,0,0,1,0,,,
22,0.752542819499341,0,0.900105401844532,0,0,0,0,0,0.73296442687747,0,,,
22,0.740764163372859,0,0.899472990777339,0,0,0,0,0,0.75836627140975,0,,,
22,0.737075098814229,0,0.900131752305665,0,0,0,0,0,0.737839262187088,0,,,
22,0.769169960474308,0,0.900790513833992,0,0,0,0,0,0.737127799736495,0,,,
22,0.739156785243742,0,0.897470355731225,0,0,0,0,0,0.737733860342556,0,,,
1,1,0,1,0,0,0,0,0,1,0,,,
1,1,0,1,0,0,0,0,0,1,0,,,
1,1,0,1,0,0,0,0,0,1,0,,,
1,1,0,1,0,0,0,0,0,1,0,,,
3,0.957142857142857,0,1,0,0,0,0,0,0.978571428571428,0,,,
25,0.72537556561086,0,0.908217194570136,0,0,0,0,0,0.742588235294118,0,,,
26,0.815868408321239,0,0.90482180293501,0,0,0,0,0,0.812223834865344,0,,,
15,0.70241935483871,0,0.926532258064516,0,0,0,0,0,0.694193548387097,0,,,
26,0.80690211256249,0,0.893823576842445,0,0,0,0,0,0.829592001290115,0,,,
22,0.754993412384717,0,0.893148880105402,0,0,0,0,0,0.769565217391304,0,,,
22,0.7633465085639,0,0.887220026350461,0,0,0,0,0,0.757444005270092,0,,,
1,1,0,1,0,0,0,0,0,1,0,,,
22,0.742766798418972,0,0.884664031620553,0,0,0,0,0,0.740764163372859,0,,,
22,0.761422924901186,0,0.892252964426877,0,0,0,0,0,0.756916996047431,0,,,
26,0.807031124012256,0,0.881841638445412,0,0,0,0,0,0.819206579583938,0,,,
22,0.745164690382082,0,0.883820816864295,0,0,0,0,0,0.760158102766799,0,,,
22,0.730434782608696,0,0.897733860342556,0,0,0,0,0,0.730592885375494,0,,,
22,0.723504611330698,0,0.880316205533597,0,0,0,0,0,0.706772068511199,0,,,
3,1,0,0.942857142857143,0,0,0,0,0,0.978571428571428,0,,,
1,1,0,1,0,0,0,0,0,1,0,,,
1,1,0,1,0,0,0,0,0,1,0,,,
33,0.72500598611222,0,0.908620001596297,0,0,0,0,0,0.74795274962088,0,,,
26,0.809708111594904,0,0.892839864537978,0,0,0,0,0,0.808498629253346,0,,,
26,0.776052249637155,0,0.89582325431382,0,0,0,0,0,0.793420416061926,0,,,
31,0.727630568356375,0,0.893231566820277,0,0,0,0,0,0.713978494623656,0,,,
48,0.7080659583421,0,0.900802124973701,0,0,0,0,0,0.725223543025458,0,,,
1,1,0,1,0,0,0,0,0,1,0,,,
2,1,0,0.8,0,0,0,0,0,1,0,,,
2,1,0,0.8,0,0,0,0,0,1,0,,,
2,0.8,0,1,0,0,0,0,0,0.8,0,,,
30,0.689127445795875,0,0.924188260179799,0,0,0,0,0,0.710438921205711,0,,,
2,0.8,0,1,0,0,0,0,0,0.8,0,,,
21,0.784415584415585,0,0.873814557535488,0,0,0,0,0,0.781365146481426,0,,,
3,0.785714285714286,0,0.928571428571428,0,0,0,0,0,0.785714285714286,0,,,
1,1,0,1,0,0,0,0,0,1,0,,,
21,0.761854424645122,0,0.871942011476896,0,0,0,0,0,0.765508909694957,0,,,
26,0.802160941783583,0,0.898855023383326,0,0,0,0,0,0.802338332527012,0,,,
4,0.846666666666667,0,0.956666666666667,0,0,0,0,0,0.853333333333333,0,,,
35,0.804211938296445,0,0.85692152917505,0,0,0,0,0,0.780469483568075,0,,,
27,0.747734487734488,0,0.901024531024531,0,0,0,0,0,0.745252525252525,0,,,
2,1,0,1,0,0,0,0,0,1,0,,,
1,1,0,1,0,0,0,0,0,1,0,,,
46,0.692441287935305,0,0.87950523708633,0,0,0,0,0,0.695544746501149,0,,,
1,1,0,1,0,0,0,0,0,1,0,,,
9,0.776842105263158,0,0.922105263157895,0,0,0,0,0,0.716491228070175,0,,,
22,0.75064558629776,0,0.883399209486166,0,0,0,0,0,0.737127799736495,0,,,
23,0.756151711378353,0,0.89218316373728,0,0,0,0,0,0.756914893617021,0,,,
22,0.75296442687747,0,0.88729907773386,0,0,0,0,0,0.742924901185771,0,,,
22,0.773781291172596,0,0.873017127799737,0,0,0,0,0,0.763293807641634,0,,,
3,0.964285714285714,0,0.785714285714286,0,0,0,0,0,0.942857142857143,0,,,
2,0.8,0,0.84,0,0,0,0,0,0.8,0,,,
1,1,0,1,0,0,0,0,0,1,0,,,
1,1,0,1,0,0,0,0,0,1,0,,,
3,0.764285714285714,0,0.885714285714286,0,0,0,0,0,0.785714285714286,0,,,
1,1,0,1,0,0,0,0,0,1,0,,,
40,0.729467028003614,0,0.89589430894309,0,0,0,0,0,0.747127371273713,0,,,
28,0.725693544205341,0,0.882771584132746,0,0,0,0,0,0.733303085299456,0,,,
5,0.834545454545455,0,0.832727272727273,0,0,0,0,0,0.814545454545455,0,,,
5,0.923636363636364,0,0.825454545454545,0,0,0,0,0,0.854545454545455,0,,,
46,0.768884843782639,0,0.876959804243383,0,0,0,0,0,0.782608695652174,0,,,
1,1,0,1,0,0,0,0,0,1,0,,,
22,0.722714097496706,0,0.874571805006588,0,0,0,0,0,0.724479578392622,0,,,
46,0.683700874339769,0,0.876058607621378,0,0,0,0,0,0.678436931156934,0,,,
46,0.799910477156755,0,0.871349706066665,0,0,0,0,0,0.798454238906628,0,,,
46,0.750983259228313,0,0.870120259019427,0,0,0,0,0,0.747476947867864,0,,,
1,1,0,1,0,0,0,0,0,1,0,,,
1,1,0,1,0,0,0,0,0,1,0,,,
20,0.78609756097561,0,0.894599303135889,0,0,0,0,0,0.772682926829268,0,,,
1,1,0,1,0,0,0,0,0,1,0,,,
15,0.817983870967742,0,0.932741935483871,0,0,0,0,0,0.827258064516129,0,,,
56,0.755642424645685,0,0.872772639563511,0,0,0,0,0,0.75375108124293,0,,,
15,0.778548387096774,0,0.888548387096774,0,0,0,0,0,0.791209677419355,0,,,
3,0.814285714285714,0,0.778571428571429,0,0,0,0,0,0.8,0,,,
44,0.734174327545114,0,0.911399387129725,0,0,0,0,0,0.725570309839973,0,,,
24,0.753183673469388,0,0.89269387755102,0,0,0,0,0,0.757959183673469,0,,,
4,0.966666666666667,0,0.67,0,0,0,0,0,0.966666666666667,0,,,
4,0.9,0,0.676666666666667,0,0,0,0,0,0.836666666666667,0,,,
1,1,0,1,0,0,0,0,0,1,0,,,
22,0.731778656126482,0,0.878471673254282,0,0,0,0,0,0.741686429512517,0,,,
22,0.745401844532279,0,0.879710144927536,0,0,0,0,0,0.764927536231884,0,,,
2,1,0,0.8,0,0,0,0,0,1,0,,,
22,0.738550724637681,0,0.878102766798419,0,0,0,0,0,0.766903820816864,0,,,
1,1,0,1,0,0,0,0,0,1,0,,,
3,0.935714285714286,0,1,0,0,0,0,0,0.871428571428571,0,,,
2,1,0,0.8,0,0,0,0,0,1,0,,,
1,1,0,1,0,0,0,0,0,1,0,,,
2,1,0,0.9,0,0,0,0,0,1,0,,,
17,0.826666666666667,0,0.890252100840336,0,0,0,0,0,0.79109243697479,0,,,
2,0.8,0,1,0,0,0,0,0,0.8,0,,,
1,1,0,1,0,0,0,0,0,1,0,,,
3,0.785714285714286,0,1,0,0,0,0,0,0.785714285714286,0,,,
65,0.716718091069236,0,0.888718304596167,0,0,0,0,0,0.712745422516415,0,,,
22,0.718339920948617,0,0.908379446640316,0,0,0,0,0,0.708115942028986,0,,,
1,1,0,1,0,0,0,0,0,1,0,,,
3,0.928571428571429,0,0.928571428571429,0,0,0,0,0,0.928571428571429,0,,,
3,0.871428571428571,0,0.714285714285714,0,0,0,0,0,0.957142857142857,0,,,
1,1,0,1,0,0,0,0,0,1,0,,,
1,1,0,1,0,0,0,0,0,1,0,,,
1,1,0,1,0,0,0,0,0,1,0,,,
22,0.759815546772069,0,0.881554677206851,0,0,0,0,0,0.757233201581028,0,,,
1,1,0,1,0,0,0,0,0,1,0,,,
21,0.842102083962549,0,0.862247055270311,0,0,0,0,0,0.817668378133495,0,,,
21,0.770975536091815,0,0.856931440652371,0,0,0,0,0,0.758018725460586,0,,,
6,0.757142857142857,0,0.879120879120879,0,0,0,0,0,0.727472527472528,0,,,
21,0.780851706433102,0,0.82552099063727,0,0,0,0,0,0.789036544850499,0,,,
50,0.810045428072219,0,0.889050669772859,0.908491555037857,0.721544554455445,0.859871869539896,0.678413511939429,0.913230052417007,0.809034362259755,0,,,
22,0.696021080368906,0.840869565217392,0.852490118577075,0.95836627140975,0.734650856389987,0.783135704874835,0.69262187088274,0.918577075098815,0.707694334650856,0.840316205533597,,,
1,1,1,1,1,1,1,1,1,1,1,,,
1,1,1,1,1,1,1,1,1,1,1,,,
54,0.707665647298675,0.88963395422111,0.882311185246965,0.911444722453897,0.715177462700399,0.819646001297378,0.674258178111389,0.886342322305625,0.703734593642851,0.871615234917987,,,
1,1,1,1,1,1,1,1,1,1,1,,,
4,0.823333333333334,0.876666666666667,0.88,0.9,0.99,0.966666666666667,0.816666666666667,1,0.783333333333333,0.666666666666667,,,
1,1,1,1,1,1,1,1,1,1,1,,,
1,1,1,1,1,1,1,1,1,1,1,,,
1,1,1,1,1,1,1,1,1,1,1,,,
1,1,1,1,1,1,1,1,1,1,1,,,
3,0.8,0.964285714285714,0.971428571428571,1,0.992857142857143,1,0.792857142857143,0.942857142857143,0.778571428571429,0.928571428571429,,,
70,0.712235112804486,0.933590479044479,0.925526777687401,0.901631062973586,0.691806156085449,0.748585127788005,0.719119825334989,0.881929020934116,0.730730767584229,0.786335031465388,,,
9,0.81859649122807,0.798245614035088,0.813333333333333,1,0.961052631578947,0.814035087719298,0.751578947368421,0.822456140350877,0.82280701754386,0.592982456140351,,,
1,1,1,1,1,1,1,1,1,1,1,,,
2,0.8,1,1,1,0.96,0.8,0.9,1,0.8,0.8,,,
1,1,1,1,1,1,1,1,1,1,1,,,
1,1,1,1,1,1,1,1,1,1,1,,,
1,1,1,1,1,1,1,1,1,1,1,,,
1,1,1,1,1,1,1,1,1,1,1,,,
1,1,1,1,1,1,1,1,1,1,1,,,
1,1,1,1,1,1,1,1,1,1,1,,,
1,1,1,1,1,1,1,1,1,1,1,,,
1,1,1,1,1,1,1,1,1,1,1,,,
1,1,1,1,1,1,1,1,1,1,1,,,
53,0.787991535884324,0.95412135817708,0.935192695781657,0.923744587472325,0.708405337095162,0.739728442955387,0.698949822684614,0.909680832304708,0.78226650208664,0.83945610219636,,,
18,0.813323850165956,0.945756282598388,0.921431958274064,0.958274063537221,0.746704599336179,0.839734471313419,0.716216216216216,0.889663347558084,0.850829777145567,0.820293978188715,,,
22,0.746719367588933,0.914308300395257,0.846534914361002,0.9433465085639,0.733702239789196,0.742819499341239,0.68935441370224,0.899183135704875,0.745823451910409,0.767061923583663,,,
3,0.821428571428571,1,1,1,0.992857142857143,1,0.921428571428571,1,0.842857142857143,0.928571428571429,,,
1,1,1,1,1,1,1,1,1,1,1,,,
1,1,1,1,1,1,1,1,1,1,1,,,
1,1,1,1,1,1,1,1,1,1,1,,,
1,1,1,1,1,1,1,1,1,1,1,,,
1,1,1,1,1,1,1,1,1,1,1,,,
1,1,1,1,1,1,1,1,1,1,1,,,
1,1,1,1,1,1,1,1,1,1,1,,,
29,0.70947983635301,0.945236703682058,0.907025131502046,0.922384570426651,0.67281122150789,0.752776154295734,0.718831092928112,0.892425482174167,0.699637638807715,0.859029807130333,,,
2,0.8,0.96,0.94,1,1,1,0.92,0.84,0.8,0.8,,,
2,0.8,1,1,1,1,1,0.94,0.84,0.8,0.8,,,
1,1,1,1,1,1,1,1,1,1,1,,,
22,0.704743083003953,0.930355731225297,0.885217391304348,0.958102766798419,0.732121212121212,0.729907773386034,0.693465085638999,0.898814229249012,0.734440052700922,0.771805006587615,,,
1,1,1,1,1,1,1,1,1,1,1,,,
1,1,1,1,1,1,1,1,1,1,1,,,
27,0.788658008658009,0.947388167388168,0.92959595959596,0.927849927849928,0.689393939393939,0.789177489177489,0.694040404040404,0.902135642135642,0.795497835497836,0.851226551226551,,,
57,0.676027775585891,0.892854099266157,0.871454272863568,0.922307267418922,0.700145190562614,0.81627081196244,0.705638759567585,0.908245877061469,0.661903258896867,0.815323916988874,,,
1,1,1,1,1,1,1,1,1,1,1,,,
74,0.669272628333031,0.72823435516053,0.675722836930891,0.923221476510067,0.688918556140033,0.782913114456739,0.713430799927444,0.849446036640667,0.682802829675313,0.824589152911301,,,
1,1,1,1,1,1,1,1,1,1,1,,,
2,0.8,0.96,0.92,1,1,0.8,0.9,0.98,0.8,0.8,,,
22,0.745928853754941,0.63235836627141,0.558418972332016,0.971541501976285,0.729723320158103,0.738339920948617,0.689301712779974,0.879499341238472,0.762555994729908,0.749407114624506,,,
22,0.689881422924901,0.62137022397892,0.55802371541502,0.977865612648221,0.733754940711463,0.744400527009223,0.681949934123847,0.892147562582345,0.76205533596838,0.794202898550725,,,
22,0.739183135704875,0.62368906455863,0.547799736495389,0.972859025032938,0.73296442687747,0.739393939393939,0.682582345191041,0.882028985507247,0.781739130434783,0.797364953886693,,,
22,0.758761528326746,0.623662714097497,0.566139657444005,0.976811594202899,0.732990777338603,0.741765480895916,0.688484848484849,0.885744400527009,0.789828722002635,0.817127799736496,,,
5,0.794545454545455,0.765454545454545,0.763636363636364,0.945454545454546,0.961818181818182,0.927272727272728,0.836363636363636,0.941818181818182,0.810909090909091,0.927272727272727,,,
35,0.79056338028169,0.605720992622401,0.546941649899396,0.957813547954393,0.711522468142186,0.795908786049631,0.697645875251509,0.867753185781355,0.801415157612341,0.831857813547955,,,
35,0.795720992622401,0.605446009389671,0.551596244131455,0.96317907444668,0.712662642521798,0.791884641180416,0.693353454057679,0.853983903420523,0.799094567404427,0.799932930918847,,,
1,1,1,1,1,1,1,1,1,1,1,,,
54,0.741732925586137,0.631815401723659,0.548210545825225,0.958928736910388,0.708184598276341,0.819052914465759,0.698113242516912,0.877635066258919,0.740580113057177,0.828894449077936,,,
54,0.734953201742193,0.631505884533408,0.562287091094431,0.936910388286535,0.707771290890557,0.759151144472246,0.693092391807988,0.865150588453341,0.730286349735891,0.816013344453711,,,
1,1,1,1,1,1,1,1,1,1,1,,,
2,0.8,0.8,0.8,0.8,0.94,0.8,0.94,0.98,0.8,0.8,,,
38,0.790330721909669,0.628907934171092,0.574977653925022,0.938850623061149,0.715311004784689,0.741258741258741,0.687239076712761,0.874541248225459,0.792949156107051,0.866396761133603,,,
24,0.80134693877551,0.608326530612245,0.540795918367347,0.975510204081633,0.726428571428572,0.80265306122449,0.691061224489796,0.899836734693878,0.792734693877551,0.829387755102041,,,
28,0.811148561057817,0.634677210267047,0.600350012963443,0.90186673580503,0.709113300492611,0.871013741249676,0.716632097485092,0.882369717396941,0.784469795177599,0.79064039408867,,,
23,0.808140610545791,0.621646623496762,0.562118408880666,0.96577243293247,0.708024976873266,0.728723404255319,0.688020351526364,0.883071230342276,0.803492136910268,0.84736355226642,,,
10,0.801038961038961,0.653246753246753,0.603896103896104,0.976623376623377,0.987532467532468,0.945454545454546,0.727272727272727,0.928051948051948,0.777662337662338,0.883116883116883,,,
9,0.826666666666667,0.871578947368421,0.732982456140351,0.964912280701755,0.986666666666667,0.957894736842105,0.78280701754386,0.870526315789474,0.777543859649123,0.747368421052632,,,
83,0.687576653921073,0.70870582415204,0.763335463324641,0.903408329640203,0.688944314469168,0.80614674265926,0.705128984715594,0.859172189184453,0.691421975326455,0.794593257546868,,,
5,0.8,0.663636363636364,0.689090909090909,0.981818181818182,0.987272727272727,0.981818181818182,0.707272727272727,0.903636363636364,0.852727272727273,0.909090909090909,,,
8,0.772058823529412,0.665686274509804,0.698529411764706,0.955882352941176,0.96421568627451,0.676470588235294,0.778921568627451,0.941176470588235,0.794117647058824,0.794117647058823,,,
1,1,1,1,1,1,1,1,1,1,1,,,
48,0.720505470229329,0.619971596886177,0.558131706290764,0.93454134231012,0.706900904691774,0.767357458447297,0.73280559646539,0.817031348621923,0.714356722070272,0.834788554597097,,,
51,0.7290844791987,0.608421561305628,0.790814040328604,0.922813337433555,0.71577779730264,0.878750604050433,0.68062206211835,0.876169661292448,0.736833897113737,0.841892544919387,,,
24,0.796938775510204,0.605020408163265,0.599612244897959,0.966326530612245,0.72495918367347,0.810408163265306,0.685816326530612,0.91430612244898,0.813081632653061,0.824897959183674,,,
1,1,1,1,1,1,1,1,1,1,1,,,
65,0.697928788768484,0.622897560454812,0.745955266107938,0.928020071531522,0.688498371857151,0.778775423050232,0.718661186142102,0.83809747504404,0.703987615437997,0.830886670581327,,,
23,0.781012950971323,0.62886216466235,0.542414431082331,0.972710453283997,0.702428307123034,0.732654949121184,0.68672525439408,0.887326549491212,0.757354301572618,0.794865864939871,,,
1,1,1,1,1,1,1,1,1,1,1,,,
1,1,1,1,1,1,1,1,1,1,1,,,
23,0.788899167437558,0.63290934320074,0.532377428307123,0.970629047178538,0.70268270120259,0.735892691951896,0.686517113783534,0.887812210915819,0.764176688251619,0.794865864939871,,,
1,1,1,1,1,1,1,1,1,1,1,,,
1,1,1,1,1,1,1,1,1,1,1,,,
1,1,1,1,1,1,1,1,1,1,1,,,
1,1,1,1,1,1,1,1,1,1,1,,,
3,0.828571428571429,0.9,0.871428571428571,0.714285714285714,0.935714285714286,0.785714285714286,0.878571428571429,0.957142857142857,0.807142857142857,0.714285714285714,,,
20,0.75177700348432,0.687317073170732,0.581080139372822,0.95191637630662,0.74425087108014,0.769686411149826,0.716202090592335,0.906689895470383,0.726062717770035,0.878397212543554,,,
51,0.727474410227123,0.624799015946931,0.794651407986645,0.896279049334446,0.707597856170101,0.859091508149189,0.687758643412556,0.892749198260335,0.735970654131705,0.848042876597988,,,
51,0.766742081447964,0.616274216930985,0.834189254491939,0.920089619118746,0.709853709967931,0.782629706102008,0.68055396916048,0.877191055660502,0.763778939507095,0.838971137372051,,,
1,1,1,1,1,1,1,1,1,1,1,,,
23,0.776641998149861,0.63677150786309,0.537395929694727,0.966928769657724,0.701942645698427,0.739824236817761,0.690055504162812,0.889107308048104,0.759458834412581,0.785846438482886,,,
1,1,1,1,1,1,1,1,1,1,1,,,
59,0.681345962113659,0.628550064093434,0.822857142857143,0.931847315197265,0.708910411622276,0.748967383563595,0.689717988890471,0.858542942600769,0.680643782936903,0.814898162654892,,,
2,1,0.8,0.9,1,1,0.8,0.82,0.98,1,0.8,,,
5,0.832727272727273,0.707272727272727,0.938181818181818,0.945454545454546,0.987272727272727,0.763636363636364,0.72,0.86,0.810909090909091,0.818181818181818,,,
3,0.928571428571429,0.778571428571429,0.928571428571428,0.785714285714286,0.978571428571428,1,0.814285714285714,0.928571428571429,0.885714285714286,0.928571428571428,,,
23,0.761216466234968,0.627937095282146,0.586540240518039,0.967853839037928,0.702821461609621,0.734967622571693,0.680457909343201,0.883233117483811,0.758695652173913,0.84736355226642,,,
1,1,1,1,1,1,1,1,1,1,1,,,
1,1,1,1,1,1,1,1,1,1,1,,,
3,0.928571428571429,0.757142857142857,0.928571428571428,0.928571428571429,0.978571428571428,1,0.821428571428571,0.907142857142857,0.885714285714286,0.928571428571428,,,
1,1,1,1,1,1,1,1,1,1,1,,,
1,1,1,1,1,1,1,1,1,1,1,,,
2,0.8,0.98,1,0.8,0.98,1,0.9,0.8,0.8,1,,,
93,0.68021904213111,0.668246231543095,0.88150474016274,0.900704326155495,0.681578512730356,0.748765869360161,0.708945199094176,0.821788599385596,0.692268928536037,0.770615028316187,,,
1,1,1,1,1,1,1,1,1,1,1,,,
1,1,1,1,1,1,1,1,1,1,1,,,
1,1,1,1,1,1,1,1,1,1,1,,,
1,1,1,1,1,1,1,1,1,1,1,,,
8,0.773039215686274,0.716666666666667,0.647058823529412,0.995098039215686,0.968627450980392,0.857843137254902,0.808823529411765,0.870588235294118,0.819607843137255,0.588235294117647,,,
15,0.7675,0.728709677419355,0.910322580645161,0.858870967741936,0.984274193548387,0.859677419354839,0.752741935483871,0.790241935483871,0.773629032258065,0.611290322580645,,,
1,1,1,1,1,1,1,1,1,1,1,,,
22,0.763320158102767,0.712252964426878,0.922266139657444,0.909354413702239,0.738102766798419,0.87536231884058,0.721791831357049,0.843662714097497,0.782555994729908,0.785243741765481,,,
1,1,1,1,1,1,1,1,1,1,1,,,
3,0.892857142857143,0.907142857142857,0.928571428571429,0.785714285714286,0.957142857142857,1,0.964285714285714,0.85,0.957142857142857,0.714285714285714,,,
1,1,1,1,1,1,1,1,1,1,1,,,
25,0.751619909502262,0.671873303167421,0.792850678733032,0.948597285067873,0.688579185520362,0.782262443438914,0.724524886877828,0.817972850678733,0.773411764705882,0.871674208144796,,,
2,0.8,0.8,0.82,1,1,0.8,0.88,1,0.8,0.8,,,
15,0.817822580645161,0.623548387096774,0.786774193548387,0.966935483870968,0.961774193548387,0.790322580645161,0.737983870967742,0.864193548387097,0.783870967741936,0.819354838709677,,,
73,0.668113094923271,0.607741652751438,0.91969263084723,0.912889406040091,0.694864335960226,0.808324959009891,0.691517125176617,0.836216367331827,0.663345397396278,0.818638599460517,,,
5,0.870909090909091,0.756363636363636,0.690909090909091,0.927272727272728,0.998181818181818,1,0.796363636363636,0.927272727272727,0.870909090909091,0.781818181818182,,,
6,0.778021978021978,0.660439560439561,0.751648351648352,0.945054945054945,0.993406593406593,0.824175824175824,0.730769230769231,0.962637362637363,0.76043956043956,0.879120879120879,,,
9,0.826315789473684,0.625964912280702,0.605263157894737,0.894736842105263,0.991929824561403,0.92280701754386,0.734736842105263,0.927719298245614,0.836491228070175,0.866666666666667,,,
1,1,1,1,1,1,1,1,1,1,1,,,
1,1,1,1,1,1,1,1,1,1,1,,,
20,0.777560975609756,0.597526132404181,0.760940766550523,0.932752613240418,0.750034843205575,0.849477351916376,0.708397212543554,0.91226480836237,0.797177700348432,0.834494773519164,,,
3,0.892857142857143,0.871428571428571,0.714285714285714,0.714285714285714,0.935714285714286,0.785714285714286,0.878571428571428,0.742857142857143,0.85,0.714285714285714,,,
1,1,1,1,1,1,1,1,1,1,1,,,
1,1,1,1,1,1,1,1,1,1,1,,,
79,0.652354908048722,0.614955815619775,0.922099952233102,0.917321471220444,0.685651421065202,0.791300453785526,0.700830546930977,0.835886075949367,0.660855027465966,0.797581800812037,,,
1,1,1,1,1,1,1,1,1,1,1,,,
1,1,1,1,1,1,1,1,1,1,1,,,
2,1,0.84,0.82,1,1,0.8,0.82,0.98,1,0.8,,,
1,1,1,1,1,1,1,1,1,1,1,,,
3,0.907142857142857,0.85,0.785714285714286,0.785714285714286,1,0.928571428571429,0.892857142857143,0.792857142857143,0.885714285714286,0.714285714285714,,,
99,0.685289782244556,0.649613826709304,0.922772651134461,0.905865692096848,0.675758184863713,0.739043703365312,0.710273488655398,0.80179808131567,0.65694289629968,0.749879701537993,,,
19,0.801012145748988,0.614736842105263,0.677854251012146,0.963967611336032,0.731983805668016,0.806072874493927,0.703765182186235,0.891983805668016,0.789433198380567,0.857894736842105,,,
19,0.790121457489878,0.615748987854251,0.719392712550607,0.962348178137652,0.735748987854251,0.809311740890688,0.703805668016194,0.897206477732793,0.788421052631579,0.857894736842105,,,
19,0.822348178137652,0.618542510121457,0.796923076923077,0.946963562753036,0.734251012145749,0.796761133603239,0.70246963562753,0.89421052631579,0.838016194331984,0.857894736842105,,,
19,0.805789473684211,0.620931174089069,0.786356275303644,0.951417004048583,0.73004048582996,0.801619433198381,0.70502024291498,0.894534412955466,0.805141700404858,0.857894736842105,,,
19,0.804898785425101,0.611417004048583,0.766234817813765,0.954655870445344,0.734251012145749,0.796761133603239,0.700364372469636,0.895060728744939,0.841214574898785,0.857894736842105,,,
19,0.810688259109312,0.624939271255061,0.790323886639676,0.951417004048583,0.732874493927125,0.798785425101214,0.705789473684211,0.898259109311741,0.821821862348178,0.851012145748988,,,
19,0.757651821862348,0.632226720647773,0.803238866396761,0.951417004048583,0.732145748987854,0.807287449392713,0.710607287449393,0.890769230769231,0.825060728744939,0.844534412955465,,,
1,1,1,1,1,1,1,1,1,1,1,,,
1,1,1,1,1,1,1,1,1,1,1,,,
1,1,1,1,1,1,1,1,1,1,1,,,
1,1,1,1,1,1,1,1,1,1,1,,,
1,1,1,1,1,1,1,1,1,1,1,,,
1,1,1,1,1,1,1,1,1,1,1,,,
1,1,1,1,1,1,1,1,1,1,1,,,
1,1,1,1,1,1,1,1,1,1,1,,,
1,1,1,1,1,1,1,1,1,1,1,,,
1,1,1,1,1,1,1,1,1,1,1,,,
52,0.669315778561062,0.610458221024259,0.926475222890318,0.922060957910015,0.718409703504043,0.782168774621606,0.688762181215012,0.868979888036492,0.655013477088949,0.846133112170849,,,
1,1,1,1,1,1,1,1,1,1,1,,,
16,0.77192513368984,0.727339572192513,0.809893048128342,0.904411764705883,0.96831550802139,0.82620320855615,0.705949197860963,0.890040106951872,0.791978609625669,0.800133689839572,,,
6,0.796703296703297,0.682417582417582,0.989010989010989,0.956043956043956,0.983516483516484,0.989010989010989,0.725274725274725,0.952747252747253,0.772527472527473,0.879120879120879,,,
2,0.8,0.8,1,1,0.98,1,0.82,1,0.8,1,,,
1,1,1,1,1,1,1,1,1,1,1,,,
19,0.780040485829959,0.634372469635627,0.760607287449393,0.92995951417004,0.73668016194332,0.81578947368421,0.701578947368421,0.896032388663967,0.796477732793522,0.833603238866397,,,
19,0.771497975708502,0.693522267206478,0.833603238866397,0.924291497975709,0.731052631578947,0.776113360323887,0.691214574898785,0.914898785425101,0.805910931174089,0.820242914979757,,,
19,0.802834008097166,0.636315789473684,0.853886639676113,0.904858299595142,0.731578947368421,0.779757085020243,0.692105263157895,0.89834008097166,0.808987854251012,0.811740890688259,,,
19,0.841093117408907,0.699797570850202,0.892105263157895,0.937246963562753,0.730283400809717,0.770040485829959,0.689109311740891,0.878461538461539,0.798704453441295,0.809311740890688,,,
1,1,1,1,1,1,1,1,1,1,1,,,
1,1,1,1,1,1,1,1,1,1,1,,,
19,0.812995951417004,0.697368421052632,0.918178137651822,0.917813765182186,0.734210526315789,0.791902834008097,0.695587044534413,0.895465587044535,0.7682995951417,0.821862348178137,,,
19,0.802145748987854,0.694372469635627,0.925141700404858,0.925101214574899,0.732955465587045,0.778137651821862,0.68582995951417,0.907246963562753,0.817651821862348,0.817004048582996,,,
19,0.833441295546559,0.700688259109312,0.917125506072874,0.940080971659919,0.731376518218624,0.775708502024291,0.698299595141701,0.893441295546559,0.824655870445344,0.806882591093117,,,
19,0.848947368421052,0.703481781376518,0.908663967611336,0.920647773279352,0.730323886639676,0.784615384615385,0.691336032388664,0.903967611336032,0.845425101214575,0.811740890688259,,,
34,0.746598465473146,0.655739861161856,0.872451589331385,0.936061381074169,0.691523565948118,0.784362440628425,0.734665692363902,0.864479356960175,0.744048227986847,0.86430398246255,,,
15,0.759758064516129,0.692258064516129,0.856129032258065,0.915322580645162,0.970161290322581,0.799193548387097,0.706209677419355,0.897258064516129,0.729516129032258,0.810483870967742,,,
1,1,1,1,1,1,1,1,1,1,1,,,
1,1,1,1,1,1,1,1,1,1,1,,,
15,0.754112903225806,0.73258064516129,0.897258064516129,0.901612903225807,0.977258064516129,0.77741935483871,0.707741935483871,0.875403225806452,0.781048387096774,0.80241935483871,,,
3,0.785714285714286,0.785714285714286,0.735714285714286,1,0.992857142857143,1,0.807142857142857,0.914285714285714,0.785714285714286,0.928571428571429,,,
3,0.928571428571429,0.785714285714286,0.714285714285714,1,0.992857142857143,1,0.807142857142857,0.914285714285714,0.928571428571429,0.928571428571429,,,
19,0.82995951417004,0.693805668016194,0.922064777327935,0.925910931174089,0.732145748987854,0.811336032388664,0.689433198380567,0.924251012145749,0.851417004048583,0.828744939271255,,,
19,0.759230769230769,0.711417004048583,0.923805668016194,0.931174089068826,0.728056680161943,0.772064777327935,0.693603238866397,0.893724696356275,0.790202429149798,0.802429149797571,,,
19,0.756599190283401,0.711983805668016,0.934615384615384,0.912550607287449,0.730566801619433,0.78502024291498,0.693603238866397,0.907813765182186,0.762348178137652,0.807287449392713,,,
20,0.805191637630662,0.641567944250871,0.882229965156795,0.952613240418119,0.740766550522648,0.730662020905923,0.710522648083624,0.913728222996516,0.83780487804878,0.839372822299652,,,
20,0.833449477351916,0.64184668989547,0.908397212543554,0.933797909407666,0.741428571428572,0.71602787456446,0.704599303135889,0.899233449477352,0.843135888501742,0.824738675958188,,,
1,1,1,1,1,1,1,1,1,1,1,,,
1,1,1,1,1,1,1,1,1,1,1,,,
20,0.814878048780488,0.647177700348432,0.871881533101045,0.952264808362369,0.741149825783972,0.72822299651568,0.707142857142857,0.908188153310105,0.813449477351916,0.829268292682927,,,
19,0.764777327935223,0.701578947368421,0.925344129554656,0.906882591093117,0.732914979757085,0.882591093117409,0.69251012145749,0.909514170040486,0.760728744939271,0.817004048582996,,,
19,0.820323886639676,0.642753036437247,0.936072874493927,0.901214574898785,0.72668016194332,0.7582995951417,0.692874493927125,0.899676113360324,0.848097165991903,0.807287449392713,,,
1,1,1,1,1,1,1,1,1,1,1,,,
19,0.817935222672065,0.642388663967611,0.950364372469635,0.888663967611336,0.727408906882591,0.77165991902834,0.691578947368421,0.902348178137652,0.776963562753036,0.807287449392713,,,
19,0.827611336032389,0.710161943319838,0.932267206477732,0.908502024291497,0.731740890688259,0.776113360323887,0.688906882591093,0.898502024291498,0.84246963562753,0.802429149797571,,,
1,1,1,1,1,1,1,1,1,1,1,,,
1,1,1,1,1,1,1,1,1,1,1,,,
1,1,1,1,1,1,1,1,1,1,1,,,
1,1,1,1,1,1,1,1,1,1,1,,,
19,0.805627530364372,0.696275303643725,0.94493927125506,0.910526315789474,0.733481781376518,0.771255060728745,0.683522267206478,0.904008097165992,0.748623481781377,0.817004048582996,,,
19,0.74502024291498,0.700607287449393,0.94834008097166,0.902429149797571,0.731214574898785,0.779352226720648,0.692955465587044,0.909311740890688,0.786923076923077,0.818218623481781,,,
7,0.799285714285714,0.902142857142857,0.969285714285714,0.978571428571428,0.979285714285714,0.742857142857143,0.71,0.922857142857143,0.791428571428571,0.9,,,
21,0.839474479009363,0.6927514346119,0.868136514648143,0.938991241316823,0.714829356689822,0.747508305647841,0.707762005436424,0.924675324675325,0.835336756266989,0.825128360012081,,,
27,0.742611832611833,0.631976911976912,0.926955266955267,0.912842712842713,0.692265512265512,0.790909090909091,0.684401154401155,0.903362193362194,0.734660894660895,0.81010101010101,,,
27,0.743131313131313,0.77023088023088,0.917258297258297,0.898845598845599,0.687373737373737,0.744444444444445,0.67991341991342,0.89962481962482,0.743535353535354,0.814574314574315,,,
1,1,1,1,1,1,1,1,1,1,1,,,
1,1,1,1,1,1,1,1,1,1,1,,,
2,0.8,0.94,1,0.8,0.96,0.8,0.94,0.84,0.8,0.8,,,
1,1,1,1,1,1,1,1,1,1,1,,,
3,0.821428571428572,0.785714285714286,0.885714285714286,0.785714285714286,0.985714285714286,1,0.807142857142857,1,0.8,0.714285714285714,,,
2,0.8,0.8,0.8,1,0.98,1,0.88,0.98,0.82,0.8,,,
1,1,1,1,1,1,1,1,1,1,1,,,
1,1,1,1,1,1,1,1,1,1,1,,,
1,1,1,1,1,1,1,1,1,1,1,,,
47,0.760615901455767,0.654470884658455,0.928331466965286,0.908678611422172,0.708320268756999,0.808678611422173,0.701822508398656,0.875579507278835,0.751732922732363,0.851315789473684,,,
47,0.657301231802912,0.874568868980963,0.904218924972004,0.881159014557671,0.713905375139978,0.772480403135498,0.690019596864502,0.887127659574468,0.657656774916014,0.848096304591266,,,
47,0.759297312430011,0.817082866741322,0.928023516237402,0.893001119820829,0.711192609182531,0.786226203807391,0.68822228443449,0.889840425531915,0.763633818589026,0.836198208286674,,,
47,0.701091825307951,0.842368421052631,0.903356662933931,0.9008398656215,0.709554871220605,0.783734602463606,0.68968085106383,0.887642777155655,0.672933930571109,0.845128779395297,,,
1,1,1,1,1,1,1,1,1,1,1,,,
3,0.885714285714286,0.914285714285714,1,0.928571428571429,1,1,0.878571428571429,0.942857142857143,0.928571428571429,0.928571428571429,,,
6,0.743956043956044,0.813186813186813,0.951648351648351,0.901098901098901,0.997802197802198,0.989010989010989,0.750549450549451,0.932967032967033,0.742857142857143,0.879120879120879,,,
21,0.791150709755361,0.645303533675627,0.937058290546663,0.940199335548173,0.715252189670794,0.71972213832679,0.707067351253398,0.915493808517065,0.799426155240109,0.846874056176382,,,
1,1,1,1,1,1,1,1,1,1,1,,,
31,0.733170122887865,0.698636712749616,0.876747311827957,0.899193548387097,0.687634408602151,0.822004608294931,0.710263056835638,0.878024193548387,0.744374039938556,0.790418586789554,,,
1,1,1,1,1,1,1,1,1,1,1,,,
1,1,1,1,1,1,1,1,1,1,1,,,
1,1,1,1,1,1,1,1,1,1,1,,,
15,0.778790322580645,0.818225806451613,0.961370967741936,0.948387096774194,0.985725806451613,0.905645161290323,0.691854838709677,0.880887096774194,0.782258064516129,0.887096774193548,,,
17,0.754565826330532,0.851036414565826,0.895742296918767,0.932773109243698,0.758823529411765,0.799439775910364,0.705714285714286,0.866666666666667,0.750588235294118,0.827450980392157,,,
1,1,1,1,1,1,1,1,1,1,1,,,
2,0.8,1,1,1,0.98,0.8,0.9,0.98,0.8,0.8,,,
22,0.752569169960475,0.634492753623188,0.907430830039526,0.944927536231884,0.734361001317523,0.745718050065876,0.711488801054019,0.914440052700922,0.777707509881423,0.855862977602108,,,
2,0.8,0.92,1,1,0.98,0.8,0.88,0.98,0.8,0.8,,,
1,1,1,1,1,1,1,1,1,1,1,,,
2,1,0.8,0.8,1,1,1,0.86,0.98,1,0.8,,,
3,0.928571428571429,0.85,1,0.928571428571429,0.971428571428571,0.928571428571429,0.885714285714286,0.771428571428572,0.928571428571429,0.785714285714286,,,
3,0.907142857142857,0.914285714285714,1,0.928571428571429,1,1,0.878571428571429,0.942857142857143,0.907142857142858,0.928571428571429,,,
42,0.680453390658589,0.764119601328904,0.949568106312293,0.914911080711354,0.705604846589799,0.824701973812781,0.724381473519641,0.858100449482118,0.668145397693961,0.836271252687121,,,
22,0.78137022397892,0.654308300395257,0.889986824769434,0.891699604743083,0.722872200263505,0.686429512516469,0.734571805006588,0.88266139657444,0.795757575757576,0.795783926218709,,,
22,0.781949934123847,0.650250329380764,0.923530961791831,0.929117259552042,0.727351778656126,0.715678524374177,0.710092226613966,0.906534914361001,0.785507246376812,0.822397891963109,,,
17,0.822408963585434,0.691204481792717,0.916358543417367,0.913725490196079,0.749803921568627,0.79047619047619,0.706106442577031,0.923473389355742,0.810924369747899,0.894117647058823,,,
2,0.8,0.8,0.8,1,1,0.8,0.82,0.98,0.8,0.8,,,
29,0.812402104032729,0.721589713617768,0.920818234950322,0.870017533606079,0.667235534774986,0.856808883693747,0.753734658094682,0.869643483343074,0.819368790181181,0.819520748100526,,,
1,1,1,1,1,1,1,1,1,1,1,,,
22,0.795388669301713,0.645770750988142,0.88266139657444,0.924901185770751,0.733359683794466,0.73596837944664,0.702160737812912,0.900158102766798,0.793675889328063,0.814492753623188,,,
2,1,0.8,0.8,1,1,0.8,0.82,0.98,1,0.8,,,