,variable,value
0,IOFROL,318595.519
1,IOFROL,61463.927
2,IOFROL,1018064.0759999999
3,IOFROL,1022350.502
4,IOFROL,135659.825
5,IOFROL,23173.667999999998
6,IOFROL,34128.011
7,IOFROL,135575.712
8,IOFROL,67371.506
9,IOFROL,841708.947
10,IOFROL,1124092.4579999999
11,IOFROL,12849.168
12,IOFROL,56805.192
13,IOFROL,135523.706
14,IOFROL,22346.987999999998
15,IOFROL,19875.654
16,IOFROL,672185.229
17,IOFROL,25286.702
18,IOFROL,19738.152
19,IOFROL,34087.71
20,IOFROL,32313.153
21,IOFROL,22565.911
22,IOFROL,18054.384
23,IOFROL,640018.8
24,IOFROL,1000491.253
25,IOFROL,60816.822
26,IOFROL,418215.175
27,IOFROL,133038.435
28,IOFROL,31975.189
29,IOFROL,982759.017
30,IOFROL,69761.789
31,IOFROL,908791.3
32,IOFROL,517778.18200000003
33,IOFROL,904941.944
34,IOFROL,450320.94200000004
35,IOFROL,100778.409
36,IOFROL,65744.813
37,IOFROL,283997.666
38,IOFROL,263671.13399999996
39,IOFROL,224755.878
40,IOFROL,89533.787
41,IOFROL,219628.482
42,IOFROL,52601.907999999996
43,IOFROL,28283.727000000003
44,IOFROL,28571.331000000002
45,IOFROL,92621.68400000001
46,IOFROL,50898.312999999995
47,IOFROL,33510.888999999996
48,IOFROL,39403.372
49,IOFROL,31122.439
50,IOFROL,895580.5040000001
51,IOFROL,982405.927
52,IOFROL,174483.548
53,IOFROL,96819.177
54,IOFROL,936138.88
55,IOFROL,594677.448
56,IOFROL,114722.26800000001
57,IOFROL,915627.436
58,IOFROL,71022.909
59,IOFROL,109963.99
60,IOFROL,297177.12899999996
61,IOFROL,627214.55
62,IOFROL,80144.54400000001
63,IOFROL,44134.515
64,IOFROL,186698.556
65,IOFROL,43661.232
66,IOFROL,76532.88900000001
67,IOFROL,59647.142
68,IOFROL,55350.334
69,IOFROL,57812.092000000004
70,IOFROL,42482.939000000006
71,IOFROL,60935.014
72,IOFROL,471114.157
73,IOFROL,251749.155
74,IOFROL,537181.835
75,IOFROL,556962.565
76,IOFROL,324871.436
77,IOFROL,92473.53
78,IOFROL,56133.977999999996
79,IOFROL,71968.924
80,IOFROL,253928.0
81,IOFROL,270445.788
82,IOFROL,82958.79400000001
83,IOFROL,125704.07199999999
84,IOFROL,88344.939
85,IOFROL,343522.117
86,IOFROL,68399.663
87,IOFROL,87693.44699999999
88,IOFROL,92574.948
89,IOFROL,144487.47
90,IOFROL,66306.02
91,IOFROL,277114.946
92,IOFROL,56954.505999999994
93,IOFROL,133116.09900000002
94,IOFROL,71030.418
95,IOFROL,65631.488
96,IOFROL,105099.91699999999
97,IOFROL,215116.98100000003
98,IOFROL,923074.575
99,IOFROL,96034.859
100,IOFROL,160442.818
101,IOFROL,101452.112
102,IOFROL,576955.816
103,IOFROL,133244.46
104,IOFROL,120308.37
105,IOFROL,929820.795
106,IOFROL,284500.601
107,IOFROL,78559.005
108,IOFROL,140081.586
109,IOFROL,141583.05800000002
110,IOFROL,922639.913
111,IOFROL,914001.827
112,IOFROL,531582.303
113,IOFROL,168942.177
114,IOFROL,908821.312
115,IOFROL,256789.81600000002
116,IOFROL,101499.086
117,IOFROL,344201.349
118,IOFROL,198499.48
119,IOFROL,328641.933
120,IOFROL,176685.428
121,IOFROL,168924.401
122,IOFROL,100282.05699999999
123,IOFROL,87810.087
124,IOFROL,85997.45800000001
125,IOFROL,74028.209
126,IOFROL,116450.285
127,IOFROL,70268.429
128,IOFROL,83830.508
129,IOFROL,144536.608
130,IOFROL,129536.80099999999
131,IOFROL,166533.848
132,IOFROL,227533.616
133,IOFROL,176968.05800000002
134,IOFROL,139232.215
135,IOFROL,108631.30900000001
136,IOFROL,161219.965
137,IOFROL,135092.359
138,IOFROL,120591.82
139,IOFROL,209785.337
140,IOFROL,123567.87599999999
141,IOFROL,126965.242
142,IOFROL,106765.15800000001
143,IOFROL,238448.962
144,IOFROL,252970.908
145,IOFROL,126243.01699999999
146,IOFROL,695119.63
147,IOFROL,130932.671
148,IOFROL,80754.372
149,IOFROL,105577.131
150,IOFROL,141761.52300000002
151,IOFROL,81637.791
152,IOFROL,449263.691
153,IOFROL,930268.418
154,IOFROL,91522.31300000001
155,IOFROL,399717.415
156,IOFROL,1200956.112
157,IOFROL,290863.554
158,IOFROL,237934.24800000002
159,IOFROL,215030.59699999998
160,IOFROL,175803.055
161,IOFROL,137379.202
162,IOFROL,124083.80699999999
163,IOFROL,115444.61
164,IOFROL,146472.13199999998
165,IOFROL,942354.6440000001
166,IOFROL,872117.0759999999
167,IOFROL,373564.162
168,IOFROL,103023.42800000001
169,IOFROL,1308366.187
170,IOFROL,1494901.649
171,IOFROL,708248.4029999999
172,IOFROL,162259.71
173,IOFROL,379673.274
174,IOFROL,139459.074
175,IOFROL,1066811.798
176,IOFROL,808698.6329999999
177,IOFROL,123258.44
178,IOFROL,272944.257
179,IOFROL,149347.327
180,IOFROL,166871.978
181,IOFROL,209353.61
182,IOFROL,104651.521
183,IOFROL,140502.914
184,IOFROL,503709.385
185,IOFROL,234314.86399999997
186,IOFROL,265072.563
187,IOFROL,315113.521
188,IOFROL,117691.01
189,IOFROL,105893.74699999999
190,IOFROL,111891.531
191,IOFROL,180757.14
192,IOFROL,158376.69400000002
193,IOFROL,125032.166
194,IOFROL,109104.51400000001
195,IOFROL,105783.584
196,IOFROL,979493.75
197,IOFROL,229654.967
198,IOFROL,136234.761
199,IOFROL,133357.75699999998
200,IOFROL,106439.94300000001
201,IOFROL,179227.86
202,IOFROL,267360.403
203,IOFROL,
204,IOFROL,
205,IOFROL,
206,IOFROL,
207,IOFROL,
208,IOFROL,
209,IOFROL,
210,IOFROL,
211,IOFROL,
212,IOFROL,
213,IOFROL,
214,IOFROL,
215,IOFROL,
216,IOFROL,
217,IOFROL,
218,IOFROL,
219,IOFROL,
220,IOFROL,
221,IOFROL,
222,IOFROL,
223,IOFROL,
224,IOFROL,
225,IOFROL,
226,IOFROL,
227,IOFROL,
228,IOFROL,
229,IOFROL,
230,IOFROL,
231,IOFROL,
232,IOFROL,
233,IOFROL,
234,IOFROL,
235,IOFROL,
236,IOFROL,
237,IOFROL,
238,IOFROL,
239,IOFROL,
240,IOFROL,
241,IOFROL,
242,IOFROL,
243,IOFROL,
244,IOFROL,
245,IOFROL,
246,IOFROL,
247,IOFROL,
248,IOFROL,
249,IOFROL,
250,IOFROL,
251,IOFROL,
252,IOFROL,
253,IOFROL,
254,IOFROL,
255,IOFROL,
256,IOFROL,
257,IOFROL,
258,IOFROL,
259,IOFROL,
260,IOFROL,
261,IOFROL,
262,IOFROL,
263,IOFROL,
264,IOFROL,
265,IOFROL,
266,IOFROL,
267,IOFROL,
268,IOFROL,
269,IOFROL,
270,IOFROL,
271,IOFROL,
272,IOFROL,
273,IOFROL,
274,IOFROL,
275,IOFROL,
276,IOFROL,
277,IOFROL,
278,IOFROL,
279,IOFROL,
280,IOFROL,
281,IOFROL,
282,IOFROL,
283,IOFROL,
284,IOFROL,
285,IOFROL,
286,IOFROL,
287,IOFROL,
288,IOFROL,
289,IOFROL,
290,IOFROL,
291,IOFROL,
292,IOFROL,
293,IOFROL,
294,IOFROL,
295,IOFROL,
296,IOFROL,
297,IOFROL,
298,IOFROL,
299,IOFROL,
300,IOFROL,
301,IOFROL,
302,IOFROL,
303,IOFROL,
304,IOFROL,
305,IOFROL,
306,IOFROL,
307,IOFROL,
308,IOFROL,
309,IOFROL,
310,IOFROL,
311,IOFROL,
312,IOFROL,
313,IOFROL,
314,IOFROL,
315,IOFROL,
316,IOFROL,
317,IOFROL,
318,IOFROL,
319,IOFROL,
320,IOFROL,
321,IOFROL,
322,IOFROL,
323,IOFROL,
324,IOFROL,
325,IOFROL,
326,IOFROL,
327,IOFROL,
328,IOFROL,
329,IOFROL,
330,IOFROL,
331,IOFROL,
332,IOFROL,
333,IOFROL,
334,IOFROL,
335,IOFROL,
336,IOFROL,
337,IOFROL,
338,IOFROL,
339,IOFROL,
340,IOFROL,
341,IOFROL,
342,IOFROL,
343,IOFROL,
344,IOFROL,
345,IOFROL,
346,IOFROL,
347,IOFROL,
348,IOFROL,
349,IOFROL,
350,IOFROL,
351,IOFROL,
352,IOFROL,
353,IOFROL,
354,IOFROL,
355,IOFROL,
356,IOFROL,
357,IOFROL,
358,IOFROL,
359,IOFROL,
360,IOFROL,
361,IOFROL,
362,IOFROL,
363,IOFROL,
364,IOFROL,
365,IOFROL,
366,IOFROL,
367,IOFROL,
368,IOFROL,
369,IOFROL,
370,IOFROL,
371,IOFROL,
372,IOFROL,
373,IOFROL,
374,IOFROL,
375,IOFROL,
376,IOFROL,
377,IOFROL,
378,IOFROL,
379,IOFROL,
380,IOFROL,
381,IOFROL,
382,IOFROL,
383,IOFROL,
384,IOFROL,
385,IOFROL,
386,IOFROL,
387,IOFROL,
388,IOFROL,
389,IOFROL,
390,IOFROL,
391,IOFROL,
392,IOFROL,
393,IOFROL,
394,IOFROL,
395,IOFROL,
396,IOFROL,
397,IOFROL,
398,IOFROL,
399,IOFROL,
400,IOFROL,
401,IOFROL,
402,IOFROL,
403,IOFROL,
404,IOFROL,
405,IOFROL,
406,IOFROL,
407,IOFROL,
408,IOFROL,
409,IOFROL,
410,IOFROL,
411,IOFROL,
412,IOFROL,
413,IOFROL,
414,IOFROL,
415,IOFROL,
416,IOFROL,
417,IOFROL,
418,IOFROL,
419,IOFROL,
420,IOFROL,
421,IOFROL,
422,IOFROL,
423,IOFROL,
424,IOFROL,
425,IOFROL,
426,IOFROL,
427,IOFROL,
428,IOFROL,
429,IOFROL,
430,IOFROL,
431,IOFROL,
432,IOFROL,
433,IOFROL,
434,IOFROL,
435,IOFROL,
436,Paint.,30052.381
437,Paint.,69465.858
438,Paint.,26216.432999999997
439,Paint.,34359.763999999996
440,Paint.,34020.924
441,Paint.,76062.598
442,Paint.,120847.554
443,Paint.,32085.541
444,Paint.,32332.976000000002
445,Paint.,41771.447
446,Paint.,41415.575
447,Paint.,41318.445
448,Paint.,45124.16099999999
449,Paint.,52053.48
450,Paint.,69264.714
451,Paint.,236981.44100000002
452,Paint.,161352.465
453,Paint.,82813.19900000001
454,Paint.,87457.00099999999
455,Paint.,76346.479
456,Paint.,185882.53600000002
457,Paint.,61526.307
458,Paint.,166677.085
459,Paint.,318677.135
460,Paint.,42964.653
461,Paint.,106299.44300000001
462,Paint.,152241.112
463,Paint.,110218.585
464,Paint.,101813.002
465,Paint.,118448.359
466,Paint.,111181.882
467,Paint.,106677.189
468,Paint.,114057.354
469,Paint.,107019.498
470,Paint.,54274.637
471,Paint.,74060.07
472,Paint.,115118.56599999999
473,Paint.,117031.326
474,Paint.,59724.070999999996
475,Paint.,113790.379
476,Paint.,230904.026
477,Paint.,117287.06199999999
478,Paint.,117569.489
479,Paint.,116215.299
480,Paint.,119059.97300000001
481,Paint.,118930.5
482,Paint.,118416.29199999999
483,Paint.,119419.74
484,Paint.,44630.794
485,Paint.,95632.76800000001
486,Paint.,130525.505
487,Paint.,130298.69
488,Paint.,130611.632
489,Paint.,173896.393
490,Paint.,128267.045
491,Paint.,131075.303
492,Paint.,130866.259
493,Paint.,133234.294
494,Paint.,135664.725
495,Paint.,131697.845
496,Paint.,132880.191
497,Paint.,133072.791
498,Paint.,141029.217
499,Paint.,132472.733
500,Paint.,135276.564
501,Paint.,128891.909
502,Paint.,138903.673
503,Paint.,138088.419
504,Paint.,133597.458
505,Paint.,141889.635
506,Paint.,137617.619
507,Paint.,130862.951
508,Paint.,136384.032
509,Paint.,88143.147
510,Paint.,132494.117
511,Paint.,131043.582
512,Paint.,131707.00699999998
513,Paint.,144314.453
514,Paint.,147791.802
515,Paint.,75958.284
516,Paint.,143062.425
517,Paint.,146353.98
518,Paint.,142892.987
519,Paint.,143939.465
520,Paint.,142582.986
521,Paint.,146813.216
522,Paint.,116731.22
523,Paint.,144103.066
524,Paint.,145351.312
525,Paint.,146479.622
526,Paint.,155805.34900000002
527,Paint.,149078.402
528,Paint.,145275.266
529,Paint.,138635.286
530,Paint.,79467.995
531,Paint.,182256.548
532,Paint.,153112.50400000002
533,Paint.,151944.85
534,Paint.,154263.559
535,Paint.,148432.411
536,Paint.,154562.362
537,Paint.,72019.391
538,Paint.,155701.451
539,Paint.,143846.914
540,Paint.,144115.447
541,Paint.,144544.668
542,Paint.,143326.7
543,Paint.,146863.315
544,Paint.,81399.584
545,Paint.,145522.581
546,Paint.,148073.245
547,Paint.,146504.563
548,Paint.,148607.385
549,Paint.,121099.994
550,Paint.,147948.661
551,Paint.,149714.927
552,Paint.,153244.88199999998
553,Paint.,154502.614
554,Paint.,161166.1
555,Paint.,98035.30699999999
556,Paint.,165473.093
557,Paint.,165954.034
558,Paint.,164630.919
559,Paint.,168596.345
560,Paint.,164712.501
561,Paint.,163793.145
562,Paint.,101530.03
563,Paint.,214368.37399999998
564,Paint.,167562.37
565,Paint.,129224.476
566,Paint.,169222.746
567,Paint.,102823.713
568,Paint.,171530.415
569,Paint.,170726.639
570,Paint.,172844.711
571,Paint.,172670.745
572,Paint.,171609.319
573,Paint.,174899.829
574,Paint.,244064.194
575,Paint.,285841.36600000004
576,Paint.,188688.62399999998
577,Paint.,678362.446
578,Paint.,240405.91
579,Paint.,135523.863
580,Paint.,177104.65399999998
581,Paint.,148297.209
582,Paint.,118770.884
583,Paint.,178533.668
584,Paint.,169204.9
585,Paint.,322307.772
586,Paint.,619419.826
587,Paint.,305520.906
588,Paint.,160914.00199999998
589,Paint.,126105.961
590,Paint.,481479.554
591,Paint.,746113.959
592,Paint.,712911.921
593,Paint.,403584.614
594,Paint.,184068.982
595,Paint.,184252.764
596,Paint.,105499.16
597,Paint.,231162.82100000003
598,Paint.,181388.336
599,Paint.,175397.723
600,Paint.,193631.237
601,Paint.,172752.275
602,Paint.,172832.86399999997
603,Paint.,172895.755
604,Paint.,219187.949
605,Paint.,174649.478
606,Paint.,178671.36800000002
607,Paint.,177323.23
608,Paint.,178379.82100000003
609,Paint.,177165.017
610,Paint.,178533.974
611,Paint.,117068.46800000001
612,Paint.,176529.077
613,Paint.,177195.789
614,Paint.,179201.14
615,Paint.,199188.03399999999
616,Paint.,279441.243
617,Paint.,105110.575
618,Paint.,151348.686
619,Paint.,201520.44100000002
620,Paint.,200215.112
621,Paint.,211917.77300000002
622,Paint.,198963.23899999997
623,Paint.,190214.82
624,Paint.,207650.98100000003
625,Paint.,133272.039
626,Paint.,200718.125
627,Paint.,200032.63100000002
628,Paint.,200708.379
629,Paint.,201352.164
630,Paint.,195667.367
631,Paint.,206971.42899999997
632,Paint.,133331.066
633,Paint.,194508.47
634,Paint.,210707.258
635,Paint.,210623.198
636,Paint.,205381.099
637,Paint.,193132.03
638,Paint.,226454.305
639,Paint.,256003.862
640,Paint.,219064.27899999998
641,Paint.,208610.22199999998
642,Paint.,225310.28600000002
643,Paint.,210761.89
644,Paint.,198598.94600000003
645,Paint.,220039.988
646,Paint.,152087.34699999998
647,Paint.,212723.02800000002
648,Paint.,212838.09399999998
649,Paint.,207943.902
650,Paint.,333299.274
651,Paint.,138068.281
652,Paint.,217305.312
653,Paint.,212054.775
654,Paint.,215564.424
655,Paint.,224946.83
656,Paint.,229352.96899999998
657,Paint.,220151.855
658,Paint.,216372.628
659,Paint.,213440.919
660,Paint.,201470.292
661,Paint.,223477.158
662,Paint.,233871.02300000002
663,Paint.,217254.33800000002
664,Paint.,223032.093
665,Paint.,225303.68399999998
666,Paint.,225662.72699999998
667,Paint.,227192.447
668,Paint.,226183.63600000003
669,Paint.,227403.08800000002
670,Paint.,146149.697
671,Paint.,188509.456
672,Paint.,374462.69299999997
673,Paint.,223078.538
674,Paint.,245571.616
675,Paint.,119208.83099999999
676,Paint.,212037.396
677,Paint.,234782.516
678,Paint.,252709.172
679,Paint.,235323.634
680,Paint.,245376.421
681,Paint.,242901.26899999997
682,Paint.,232788.96
683,Paint.,247134.456
684,Paint.,228759.681
685,Paint.,239392.667
686,Paint.,235036.86800000002
687,Paint.,
688,Paint.,
689,Paint.,
690,Paint.,
691,Paint.,
692,Paint.,
693,Paint.,
694,Paint.,
695,Paint.,
696,Paint.,
697,Paint.,
698,Paint.,
699,Paint.,
700,Paint.,
701,Paint.,
702,Paint.,
703,Paint.,
704,Paint.,
705,Paint.,
706,Paint.,
707,Paint.,
708,Paint.,
709,Paint.,
710,Paint.,
711,Paint.,
712,Paint.,
713,Paint.,
714,Paint.,
715,Paint.,
716,Paint.,
717,Paint.,
718,Paint.,
719,Paint.,
720,Paint.,
721,Paint.,
722,Paint.,
723,Paint.,
724,Paint.,
725,Paint.,
726,Paint.,
727,Paint.,
728,Paint.,
729,Paint.,
730,Paint.,
731,Paint.,
732,Paint.,
733,Paint.,
734,Paint.,
735,Paint.,
736,Paint.,
737,Paint.,
738,Paint.,
739,Paint.,
740,Paint.,
741,Paint.,
742,Paint.,
743,Paint.,
744,Paint.,
745,Paint.,
746,Paint.,
747,Paint.,
748,Paint.,
749,Paint.,
750,Paint.,
751,Paint.,
752,Paint.,
753,Paint.,
754,Paint.,
755,Paint.,
756,Paint.,
757,Paint.,
758,Paint.,
759,Paint.,
760,Paint.,
761,Paint.,
762,Paint.,
763,Paint.,
764,Paint.,
765,Paint.,
766,Paint.,
767,Paint.,
768,Paint.,
769,Paint.,
770,Paint.,
771,Paint.,
772,Paint.,
773,Paint.,
774,Paint.,
775,Paint.,
776,Paint.,
777,Paint.,
778,Paint.,
779,Paint.,
780,Paint.,
781,Paint.,
782,Paint.,
783,Paint.,
784,Paint.,
785,Paint.,
786,Paint.,
787,Paint.,
788,Paint.,
789,Paint.,
790,Paint.,
791,Paint.,
792,Paint.,
793,Paint.,
794,Paint.,
795,Paint.,
796,Paint.,
797,Paint.,
798,Paint.,
799,Paint.,
800,Paint.,
801,Paint.,
802,Paint.,
803,Paint.,
804,Paint.,
805,Paint.,
806,Paint.,
807,Paint.,
808,Paint.,
809,Paint.,
810,Paint.,
811,Paint.,
812,Paint.,
813,Paint.,
814,Paint.,
815,Paint.,
816,Paint.,
817,Paint.,
818,Paint.,
819,Paint.,
820,Paint.,
821,Paint.,
822,Paint.,
823,Paint.,
824,Paint.,
825,Paint.,
826,Paint.,
827,Paint.,
828,Paint.,
829,Paint.,
830,Paint.,
831,Paint.,
832,Paint.,
833,Paint.,
834,Paint.,
835,Paint.,
836,Paint.,
837,Paint.,
838,Paint.,
839,Paint.,
840,Paint.,
841,Paint.,
842,Paint.,
843,Paint.,
844,Paint.,
845,Paint.,
846,Paint.,
847,Paint.,
848,Paint.,
849,Paint.,
850,Paint.,
851,Paint.,
852,Paint.,
853,Paint.,
854,Paint.,
855,Paint.,
856,Paint.,
857,Paint.,
858,Paint.,
859,Paint.,
860,Paint.,
861,Paint.,
862,Paint.,
863,Paint.,
864,Paint.,
865,Paint.,
866,Paint.,
867,Paint.,
868,Paint.,
869,Paint.,
870,Paint.,
871,Paint.,
872,CODEC,8061.851
873,CODEC,32612.05
874,CODEC,9564.355
875,CODEC,37947.324
876,CODEC,9597.827
877,CODEC,10310.101
878,CODEC,17993.396
879,CODEC,23902.752999999997
880,CODEC,42332.959
881,CODEC,27782.635
882,CODEC,27868.234
883,CODEC,25511.237999999998
884,CODEC,16119.559
885,CODEC,17930.889
886,CODEC,33325.879
887,CODEC,21055.355
888,CODEC,14747.091999999999
889,CODEC,55017.419
890,CODEC,54442.126
891,CODEC,54712.969000000005
892,CODEC,20307.964
893,CODEC,21115.783
894,CODEC,17863.742
895,CODEC,19828.918999999998
896,CODEC,19054.71
897,CODEC,66766.63900000001
898,CODEC,21165.562
899,CODEC,24467.667
900,CODEC,22790.06
901,CODEC,62936.614
902,CODEC,71767.15400000001
903,CODEC,38362.391
904,CODEC,22925.141
905,CODEC,23776.687
906,CODEC,39546.524
907,CODEC,27938.839
908,CODEC,46693.337
909,CODEC,45278.735
910,CODEC,25872.362
911,CODEC,36006.312999999995
912,CODEC,30382.447
913,CODEC,29114.225
914,CODEC,29945.99
915,CODEC,30931.519
916,CODEC,30731.689
917,CODEC,50009.402
918,CODEC,31953.415
919,CODEC,72772.054
920,CODEC,60214.507000000005
921,CODEC,33315.21
922,CODEC,33926.369
923,CODEC,36493.976
924,CODEC,33052.238
925,CODEC,33691.878
926,CODEC,35729.846
927,CODEC,36517.86
928,CODEC,55628.198
929,CODEC,37173.029
930,CODEC,38129.32
931,CODEC,40782.452000000005
932,CODEC,89820.463
933,CODEC,66522.554
934,CODEC,70624.1
935,CODEC,40124.979
936,CODEC,39761.361000000004
937,CODEC,41335.734
938,CODEC,40732.377
939,CODEC,42700.89599999999
940,CODEC,42694.962999999996
941,CODEC,41958.672999999995
942,CODEC,42717.517
943,CODEC,42918.350999999995
944,CODEC,43362.54
945,CODEC,44543.068
946,CODEC,44516.239
947,CODEC,53243.953
948,CODEC,46632.58
949,CODEC,46097.325
950,CODEC,47013.957
951,CODEC,47141.450999999994
952,CODEC,47867.114
953,CODEC,49681.27099999999
954,CODEC,69687.484
955,CODEC,80004.226
956,CODEC,52766.502
957,CODEC,51423.812999999995
958,CODEC,64093.108
959,CODEC,52498.07
960,CODEC,51861.638
961,CODEC,94449.906
962,CODEC,54024.962999999996
963,CODEC,56663.202000000005
964,CODEC,68187.688
965,CODEC,54522.812000000005
966,CODEC,58388.367
967,CODEC,76276.833
968,CODEC,55786.125
969,CODEC,56521.253
970,CODEC,71031.922
971,CODEC,57348.888
972,CODEC,58032.814000000006
973,CODEC,58964.443
974,CODEC,65881.443
975,CODEC,81929.04400000001
976,CODEC,74870.985
977,CODEC,61493.545
978,CODEC,75312.275
979,CODEC,82982.65400000001
980,CODEC,61733.91
981,CODEC,62401.265
982,CODEC,63015.903
983,CODEC,64739.065
984,CODEC,64464.944
985,CODEC,68084.4
986,CODEC,65000.702000000005
987,CODEC,66941.19099999999
988,CODEC,89453.59
989,CODEC,91006.49
990,CODEC,67497.651
991,CODEC,67776.921
992,CODEC,69432.107
993,CODEC,69432.082
994,CODEC,69216.74799999999
995,CODEC,70018.493
996,CODEC,70809.774
997,CODEC,70713.01299999999
998,CODEC,71565.739
999,CODEC,72090.212
1000,CODEC,72374.617
1001,CODEC,73819.447
1002,CODEC,73700.78
1003,CODEC,74737.617
1004,CODEC,75409.159
1005,CODEC,75937.34
1006,CODEC,75553.463
1007,CODEC,80317.87400000001
1008,CODEC,76802.90299999999
1009,CODEC,92224.451
1010,CODEC,78249.492
1011,CODEC,81117.922
1012,CODEC,81106.583
1013,CODEC,81130.418
1014,CODEC,80795.379
1015,CODEC,81063.65400000001
1016,CODEC,81115.214
1017,CODEC,81324.698
1018,CODEC,97974.69
1019,CODEC,98517.88
1020,CODEC,99290.022
1021,CODEC,98229.399
1022,CODEC,83805.489
1023,CODEC,100473.00099999999
1024,CODEC,87168.43199999999
1025,CODEC,85675.39199999999
1026,CODEC,98159.46800000001
1027,CODEC,110322.53300000001
1028,CODEC,89028.034
1029,CODEC,105476.916
1030,CODEC,118156.53
1031,CODEC,89139.51199999999
1032,CODEC,90471.609
1033,CODEC,89653.71
1034,CODEC,90228.83300000001
1035,CODEC,91564.939
1036,CODEC,92376.811
1037,CODEC,92754.89300000001
1038,CODEC,92832.049
1039,CODEC,92838.022
1040,CODEC,93885.487
1041,CODEC,95518.46699999999
1042,CODEC,93829.121
1043,CODEC,95099.11300000001
1044,CODEC,104379.263
1045,CODEC,96506.323
1046,CODEC,96828.841
1047,CODEC,109142.281
1048,CODEC,97391.90800000001
1049,CODEC,
1050,CODEC,
1051,CODEC,
1052,CODEC,
1053,CODEC,
1054,CODEC,
1055,CODEC,
1056,CODEC,
1057,CODEC,
1058,CODEC,
1059,CODEC,
1060,CODEC,
1061,CODEC,
1062,CODEC,
1063,CODEC,
1064,CODEC,
1065,CODEC,
1066,CODEC,
1067,CODEC,
1068,CODEC,
1069,CODEC,
1070,CODEC,
1071,CODEC,
1072,CODEC,
1073,CODEC,
1074,CODEC,
1075,CODEC,
1076,CODEC,
1077,CODEC,
1078,CODEC,
1079,CODEC,
1080,CODEC,
1081,CODEC,
1082,CODEC,
1083,CODEC,
1084,CODEC,
1085,CODEC,
1086,CODEC,
1087,CODEC,
1088,CODEC,
1089,CODEC,
1090,CODEC,
1091,CODEC,
1092,CODEC,
1093,CODEC,
1094,CODEC,
1095,CODEC,
1096,CODEC,
1097,CODEC,
1098,CODEC,
1099,CODEC,
1100,CODEC,
1101,CODEC,
1102,CODEC,
1103,CODEC,
1104,CODEC,
1105,CODEC,
1106,CODEC,
1107,CODEC,
1108,CODEC,
1109,CODEC,
1110,CODEC,
1111,CODEC,
1112,CODEC,
1113,CODEC,
1114,CODEC,
1115,CODEC,
1116,CODEC,
1117,CODEC,
1118,CODEC,
1119,CODEC,
1120,CODEC,
1121,CODEC,
1122,CODEC,
1123,CODEC,
1124,CODEC,
1125,CODEC,
1126,CODEC,
1127,CODEC,
1128,CODEC,
1129,CODEC,
1130,CODEC,
1131,CODEC,
1132,CODEC,
1133,CODEC,
1134,CODEC,
1135,CODEC,
1136,CODEC,
1137,CODEC,
1138,CODEC,
1139,CODEC,
1140,CODEC,
1141,CODEC,
1142,CODEC,
1143,CODEC,
1144,CODEC,
1145,CODEC,
1146,CODEC,
1147,CODEC,
1148,CODEC,
1149,CODEC,
1150,CODEC,
1151,CODEC,
1152,CODEC,
1153,CODEC,
1154,CODEC,
1155,CODEC,
1156,CODEC,
1157,CODEC,
1158,CODEC,
1159,CODEC,
1160,CODEC,
1161,CODEC,
1162,CODEC,
1163,CODEC,
1164,CODEC,
1165,CODEC,
1166,CODEC,
1167,CODEC,
1168,CODEC,
1169,CODEC,
1170,CODEC,
1171,CODEC,
1172,CODEC,
1173,CODEC,
1174,CODEC,
1175,CODEC,
1176,CODEC,
1177,CODEC,
1178,CODEC,
1179,CODEC,
1180,CODEC,
1181,CODEC,
1182,CODEC,
1183,CODEC,
1184,CODEC,
1185,CODEC,
1186,CODEC,
1187,CODEC,
1188,CODEC,
1189,CODEC,
1190,CODEC,
1191,CODEC,
1192,CODEC,
1193,CODEC,
1194,CODEC,
1195,CODEC,
1196,CODEC,
1197,CODEC,
1198,CODEC,
1199,CODEC,
1200,CODEC,
1201,CODEC,
1202,CODEC,
1203,CODEC,
1204,CODEC,
1205,CODEC,
1206,CODEC,
1207,CODEC,
1208,CODEC,
1209,CODEC,
1210,CODEC,
1211,CODEC,
1212,CODEC,
1213,CODEC,
1214,CODEC,
1215,CODEC,
1216,CODEC,
1217,CODEC,
1218,CODEC,
1219,CODEC,
1220,CODEC,
1221,CODEC,
1222,CODEC,
1223,CODEC,
1224,CODEC,
1225,CODEC,
1226,CODEC,
1227,CODEC,
1228,CODEC,
1229,CODEC,
1230,CODEC,
1231,CODEC,
1232,CODEC,
1233,CODEC,
1234,CODEC,
1235,CODEC,
1236,CODEC,
1237,CODEC,
1238,CODEC,
1239,CODEC,
1240,CODEC,
1241,CODEC,
1242,CODEC,
1243,CODEC,
1244,CODEC,
1245,CODEC,
1246,CODEC,
1247,CODEC,
1248,CODEC,
1249,CODEC,
1250,CODEC,
1251,CODEC,
1252,CODEC,
1253,CODEC,
1254,CODEC,
1255,CODEC,
1256,CODEC,
1257,CODEC,
1258,CODEC,
1259,CODEC,
1260,CODEC,
1261,CODEC,
1262,CODEC,
1263,CODEC,
1264,CODEC,
1265,CODEC,
1266,CODEC,
1267,CODEC,
1268,CODEC,
1269,CODEC,
1270,CODEC,
1271,CODEC,
1272,CODEC,
1273,CODEC,
1274,CODEC,
1275,CODEC,
1276,CODEC,
1277,CODEC,
1278,CODEC,
1279,CODEC,
1280,CODEC,
1281,CODEC,
1282,CODEC,
1283,CODEC,
1284,CODEC,
1285,CODEC,
1286,CODEC,
1287,CODEC,
1288,CODEC,
1289,CODEC,
1290,CODEC,
1291,CODEC,
1292,CODEC,
1293,CODEC,
1294,CODEC,
1295,CODEC,
1296,CODEC,
1297,CODEC,
1298,CODEC,
1299,CODEC,
1300,CODEC,
1301,CODEC,
1302,CODEC,
1303,CODEC,
1304,CODEC,
1305,CODEC,
1306,CODEC,
1307,CODEC,
1308,IMAG,6962.445
1309,IMAG,12063.958
1310,IMAG,9064.631
1311,IMAG,43979.268
1312,IMAG,42734.027
1313,IMAG,8048.045
1314,IMAG,8726.459
1315,IMAG,15151.398000000001
1316,IMAG,11999.615
1317,IMAG,12831.417
1318,IMAG,10067.393
1319,IMAG,11067.913
1320,IMAG,49200.712
1321,IMAG,46521.059
1322,IMAG,48103.638
1323,IMAG,47294.304000000004
1324,IMAG,50205.829000000005
1325,IMAG,16411.144
1326,IMAG,17186.504
1327,IMAG,13558.688
1328,IMAG,46748.365999999995
1329,IMAG,17674.422
1330,IMAG,14721.104
1331,IMAG,15416.337
1332,IMAG,48479.424000000006
1333,IMAG,20296.174
1334,IMAG,54361.327000000005
1335,IMAG,20075.833
1336,IMAG,23407.813
1337,IMAG,70775.591
1338,IMAG,67347.496
1339,IMAG,59989.992
1340,IMAG,31154.475
1341,IMAG,62957.872
1342,IMAG,62059.143
1343,IMAG,64195.337999999996
1344,IMAG,68992.067
1345,IMAG,63863.497
1346,IMAG,63022.888
1347,IMAG,21741.96
1348,IMAG,22543.569
1349,IMAG,22292.73
1350,IMAG,29155.915
1351,IMAG,56305.09
1352,IMAG,71367.15
1353,IMAG,64148.83
1354,IMAG,73324.588
1355,IMAG,25830.251
1356,IMAG,75397.99900000001
1357,IMAG,69470.353
1358,IMAG,69520.109
1359,IMAG,70964.071
1360,IMAG,64120.624
1361,IMAG,64376.937999999995
1362,IMAG,72231.016
1363,IMAG,65742.44
1364,IMAG,68683.032
1365,IMAG,68945.174
1366,IMAG,77140.137
1367,IMAG,40707.407999999996
1368,IMAG,67010.633
1369,IMAG,30023.36
1370,IMAG,68798.649
1371,IMAG,69629.594
1372,IMAG,64488.191
1373,IMAG,65678.953
1374,IMAG,32099.967
1375,IMAG,54565.94
1376,IMAG,33658.911
1377,IMAG,83670.328
1378,IMAG,72915.048
1379,IMAG,37699.403
1380,IMAG,34480.209
1381,IMAG,40571.731
1382,IMAG,36667.642
1383,IMAG,34457.725
1384,IMAG,37663.077000000005
1385,IMAG,46206.240999999995
1386,IMAG,44452.899000000005
1387,IMAG,75605.265
1388,IMAG,39367.857
1389,IMAG,39702.263999999996
1390,IMAG,40961.586
1391,IMAG,37758.539
1392,IMAG,40746.216
1393,IMAG,39620.046
1394,IMAG,88500.445
1395,IMAG,41810.135
1396,IMAG,82669.07400000001
1397,IMAG,44526.48
1398,IMAG,43105.939000000006
1399,IMAG,56734.255
1400,IMAG,97125.48
1401,IMAG,95369.564
1402,IMAG,74845.531
1403,IMAG,43001.200999999994
1404,IMAG,90010.478
1405,IMAG,90075.98199999999
1406,IMAG,94440.329
1407,IMAG,49423.717000000004
1408,IMAG,45458.023
1409,IMAG,96721.29
1410,IMAG,58218.357
1411,IMAG,92353.649
1412,IMAG,86922.584
1413,IMAG,45851.715
1414,IMAG,47334.282999999996
1415,IMAG,55234.806
1416,IMAG,90802.12800000001
1417,IMAG,48054.34099999999
1418,IMAG,87708.19699999999
1419,IMAG,93785.898
1420,IMAG,96062.98599999999
1421,IMAG,95736.362
1422,IMAG,95492.273
1423,IMAG,60880.22
1424,IMAG,120339.09800000001
1425,IMAG,125493.879
1426,IMAG,89304.99699999999
1427,IMAG,90607.304
1428,IMAG,90079.48300000001
1429,IMAG,52357.53599999999
1430,IMAG,55547.308
1431,IMAG,94371.76
1432,IMAG,89155.36
1433,IMAG,89513.888
1434,IMAG,93447.064
1435,IMAG,67756.893
1436,IMAG,57228.172999999995
1437,IMAG,77249.698
1438,IMAG,63335.695
1439,IMAG,58761.262
1440,IMAG,107777.78
1441,IMAG,153798.768
1442,IMAG,170949.98
1443,IMAG,102984.716
1444,IMAG,140826.95
1445,IMAG,59281.657
1446,IMAG,60140.578
1447,IMAG,173032.397
1448,IMAG,138134.053
1449,IMAG,110908.33099999999
1450,IMAG,116890.946
1451,IMAG,111949.91699999999
1452,IMAG,69042.807
1453,IMAG,
1454,IMAG,
1455,IMAG,
1456,IMAG,
1457,IMAG,
1458,IMAG,
1459,IMAG,
1460,IMAG,
1461,IMAG,
1462,IMAG,
1463,IMAG,
1464,IMAG,
1465,IMAG,
1466,IMAG,
1467,IMAG,
1468,IMAG,
1469,IMAG,
1470,IMAG,
1471,IMAG,
1472,IMAG,
1473,IMAG,
1474,IMAG,
1475,IMAG,
1476,IMAG,
1477,IMAG,
1478,IMAG,
1479,IMAG,
1480,IMAG,
1481,IMAG,
1482,IMAG,
1483,IMAG,
1484,IMAG,
1485,IMAG,
1486,IMAG,
1487,IMAG,
1488,IMAG,
1489,IMAG,
1490,IMAG,
1491,IMAG,
1492,IMAG,
1493,IMAG,
1494,IMAG,
1495,IMAG,
1496,IMAG,
1497,IMAG,
1498,IMAG,
1499,IMAG,
1500,IMAG,
1501,IMAG,
1502,IMAG,
1503,IMAG,
1504,IMAG,
1505,IMAG,
1506,IMAG,
1507,IMAG,
1508,IMAG,
1509,IMAG,
1510,IMAG,
1511,IMAG,
1512,IMAG,
1513,IMAG,
1514,IMAG,
1515,IMAG,
1516,IMAG,
1517,IMAG,
1518,IMAG,
1519,IMAG,
1520,IMAG,
1521,IMAG,
1522,IMAG,
1523,IMAG,
1524,IMAG,
1525,IMAG,
1526,IMAG,
1527,IMAG,
1528,IMAG,
1529,IMAG,
1530,IMAG,
1531,IMAG,
1532,IMAG,
1533,IMAG,
1534,IMAG,
1535,IMAG,
1536,IMAG,
1537,IMAG,
1538,IMAG,
1539,IMAG,
1540,IMAG,
1541,IMAG,
1542,IMAG,
1543,IMAG,
1544,IMAG,
1545,IMAG,
1546,IMAG,
1547,IMAG,
1548,IMAG,
1549,IMAG,
1550,IMAG,
1551,IMAG,
1552,IMAG,
1553,IMAG,
1554,IMAG,
1555,IMAG,
1556,IMAG,
1557,IMAG,
1558,IMAG,
1559,IMAG,
1560,IMAG,
1561,IMAG,
1562,IMAG,
1563,IMAG,
1564,IMAG,
1565,IMAG,
1566,IMAG,
1567,IMAG,
1568,IMAG,
1569,IMAG,
1570,IMAG,
1571,IMAG,
1572,IMAG,
1573,IMAG,
1574,IMAG,
1575,IMAG,
1576,IMAG,
1577,IMAG,
1578,IMAG,
1579,IMAG,
1580,IMAG,
1581,IMAG,
1582,IMAG,
1583,IMAG,
1584,IMAG,
1585,IMAG,
1586,IMAG,
1587,IMAG,
1588,IMAG,
1589,IMAG,
1590,IMAG,
1591,IMAG,
1592,IMAG,
1593,IMAG,
1594,IMAG,
1595,IMAG,
1596,IMAG,
1597,IMAG,
1598,IMAG,
1599,IMAG,
1600,IMAG,
1601,IMAG,
1602,IMAG,
1603,IMAG,
1604,IMAG,
1605,IMAG,
1606,IMAG,
1607,IMAG,
1608,IMAG,
1609,IMAG,
1610,IMAG,
1611,IMAG,
1612,IMAG,
1613,IMAG,
1614,IMAG,
1615,IMAG,
1616,IMAG,
1617,IMAG,
1618,IMAG,
1619,IMAG,
1620,IMAG,
1621,IMAG,
1622,IMAG,
1623,IMAG,
1624,IMAG,
1625,IMAG,
1626,IMAG,
1627,IMAG,
1628,IMAG,
1629,IMAG,
1630,IMAG,
1631,IMAG,
1632,IMAG,
1633,IMAG,
1634,IMAG,
1635,IMAG,
1636,IMAG,
1637,IMAG,
1638,IMAG,
1639,IMAG,
1640,IMAG,
1641,IMAG,
1642,IMAG,
1643,IMAG,
1644,IMAG,
1645,IMAG,
1646,IMAG,
1647,IMAG,
1648,IMAG,
1649,IMAG,
1650,IMAG,
1651,IMAG,
1652,IMAG,
1653,IMAG,
1654,IMAG,
1655,IMAG,
1656,IMAG,
1657,IMAG,
1658,IMAG,
1659,IMAG,
1660,IMAG,
1661,IMAG,
1662,IMAG,
1663,IMAG,
1664,IMAG,
1665,IMAG,
1666,IMAG,
1667,IMAG,
1668,IMAG,
1669,IMAG,
1670,IMAG,
1671,IMAG,
1672,IMAG,
1673,IMAG,
1674,IMAG,
1675,IMAG,
1676,IMAG,
1677,IMAG,
1678,IMAG,
1679,IMAG,
1680,IMAG,
1681,IMAG,
1682,IMAG,
1683,IMAG,
1684,IMAG,
1685,IMAG,
1686,IMAG,
1687,IMAG,
1688,IMAG,
1689,IMAG,
1690,IMAG,
1691,IMAG,
1692,IMAG,
1693,IMAG,
1694,IMAG,
1695,IMAG,
1696,IMAG,
1697,IMAG,
1698,IMAG,
1699,IMAG,
1700,IMAG,
1701,IMAG,
1702,IMAG,
1703,IMAG,
1704,IMAG,
1705,IMAG,
1706,IMAG,
1707,IMAG,
1708,IMAG,
1709,IMAG,
1710,IMAG,
1711,IMAG,
1712,IMAG,
1713,IMAG,
1714,IMAG,
1715,IMAG,
1716,IMAG,
1717,IMAG,
1718,IMAG,
1719,IMAG,
1720,IMAG,
1721,IMAG,
1722,IMAG,
1723,IMAG,
1724,IMAG,
1725,IMAG,
1726,IMAG,
1727,IMAG,
1728,IMAG,
1729,IMAG,
1730,IMAG,
1731,IMAG,
1732,IMAG,
1733,IMAG,
1734,IMAG,
1735,IMAG,
1736,IMAG,
1737,IMAG,
1738,IMAG,
1739,IMAG,
1740,IMAG,
1741,IMAG,
1742,IMAG,
1743,IMAG,
1744,IO,16678.664
1745,IO,21369.986
1746,IO,47120.107
1747,IO,9723.446
1748,IO,10700.755
1749,IO,28842.742000000002
1750,IO,22525.894
1751,IO,29429.721
1752,IO,24247.849
1753,IO,23545.85
1754,IO,44104.294
1755,IO,75540.541
1756,IO,25803.59
1757,IO,26192.925
1758,IO,27288.026
1759,IO,26875.206000000002
1760,IO,27332.932999999997
1761,IO,31926.772
1762,IO,32620.251
1763,IO,21077.976000000002
1764,IO,34374.608
1765,IO,29382.06
1766,IO,29658.213
1767,IO,29929.713
1768,IO,30303.502999999997
1769,IO,36091.974
1770,IO,30903.187
1771,IO,31313.907000000003
1772,IO,32058.431
1773,IO,46144.829000000005
1774,IO,37059.632000000005
1775,IO,37396.44
1776,IO,44698.126
1777,IO,67069.98
1778,IO,43246.732
1779,IO,33384.721
1780,IO,34325.945
1781,IO,40923.328
1782,IO,52045.414000000004
1783,IO,41409.559
1784,IO,66358.893
1785,IO,23468.801
1786,IO,38032.203
1787,IO,39328.055
1788,IO,37597.62
1789,IO,38418.212999999996
1790,IO,61124.227
1791,IO,45636.342000000004
1792,IO,69809.505
1793,IO,39599.297999999995
1794,IO,69992.773
1795,IO,69661.421
1796,IO,70421.84599999999
1797,IO,38866.893
1798,IO,34197.626000000004
1799,IO,85296.19300000001
1800,IO,34855.871
1801,IO,70658.473
1802,IO,45075.997
1803,IO,42987.505
1804,IO,44860.202000000005
1805,IO,44395.859000000004
1806,IO,39173.482
1807,IO,100489.256
1808,IO,45384.72
1809,IO,46772.386
1810,IO,44888.282999999996
1811,IO,45213.575999999994
1812,IO,31234.261000000002
1813,IO,46332.994000000006
1814,IO,82950.033
1815,IO,47831.626
1816,IO,88667.064
1817,IO,111008.51
1818,IO,36163.005
1819,IO,88727.509
1820,IO,45154.22
1821,IO,50867.295999999995
1822,IO,59455.433
1823,IO,50729.797
1824,IO,57818.528
1825,IO,96053.841
1826,IO,120130.244
1827,IO,52348.068
1828,IO,52275.236
1829,IO,53484.907
1830,IO,53628.77
1831,IO,70350.14
1832,IO,70263.494
1833,IO,95263.19699999999
1834,IO,94950.913
1835,IO,74310.576
1836,IO,57885.625
1837,IO,63090.89599999999
1838,IO,57551.09
1839,IO,44208.499
1840,IO,44227.125
1841,IO,138580.881
1842,IO,43265.505
1843,IO,91860.40400000001
1844,IO,94564.79
1845,IO,61449.183
1846,IO,114760.84800000001
1847,IO,60846.026
1848,IO,60956.402
1849,IO,58304.151
1850,IO,97550.211
1851,IO,97327.224
1852,IO,62902.397000000004
1853,IO,109667.097
1854,IO,63400.331
1855,IO,158421.861
1856,IO,48766.780999999995
1857,IO,56316.742
1858,IO,64881.297
1859,IO,68453.952
1860,IO,57678.943
1861,IO,131957.458
1862,IO,50411.625
1863,IO,53631.386
1864,IO,64733.174000000006
1865,IO,141520.27599999998
1866,IO,171426.85
1867,IO,64327.863
1868,IO,64603.820999999996
1869,IO,65455.567
1870,IO,64866.46400000001
1871,IO,66213.95
1872,IO,65681.297
1873,IO,66213.398
1874,IO,107959.629
1875,IO,64110.887
1876,IO,55736.197
1877,IO,68522.712
1878,IO,68802.563
1879,IO,68546.047
1880,IO,69086.54
1881,IO,70542.531
1882,IO,70476.457
1883,IO,70295.947
1884,IO,70957.636
1885,IO,89290.229
1886,IO,67175.075
1887,IO,68149.102
1888,IO,72846.24799999999
1889,IO,73134.106
1890,IO,72829.61099999999
1891,IO,74905.646
1892,IO,74743.829
1893,IO,74624.944
1894,IO,75021.707
1895,IO,77304.116
1896,IO,79655.577
1897,IO,80707.552
1898,IO,80083.796
1899,IO,81098.658
1900,IO,69241.772
1901,IO,84309.516
1902,IO,91568.002
1903,IO,91814.40699999999
1904,IO,119926.64
1905,IO,119342.773
1906,IO,120173.287
1907,IO,119984.805
1908,IO,71556.44099999999
1909,IO,87733.18800000001
1910,IO,101032.727
1911,IO,81282.203
1912,IO,83553.727
1913,IO,90787.35699999999
1914,IO,116757.543
1915,IO,90813.781
1916,IO,90917.713
1917,IO,86402.185
1918,IO,100353.825
1919,IO,
1920,IO,
1921,IO,
1922,IO,
1923,IO,
1924,IO,
1925,IO,
1926,IO,
1927,IO,
1928,IO,
1929,IO,
1930,IO,
1931,IO,
1932,IO,
1933,IO,
1934,IO,
1935,IO,
1936,IO,
1937,IO,
1938,IO,
1939,IO,
1940,IO,
1941,IO,
1942,IO,
1943,IO,
1944,IO,
1945,IO,
1946,IO,
1947,IO,
1948,IO,
1949,IO,
1950,IO,
1951,IO,
1952,IO,
1953,IO,
1954,IO,
1955,IO,
1956,IO,
1957,IO,
1958,IO,
1959,IO,
1960,IO,
1961,IO,
1962,IO,
1963,IO,
1964,IO,
1965,IO,
1966,IO,
1967,IO,
1968,IO,
1969,IO,
1970,IO,
1971,IO,
1972,IO,
1973,IO,
1974,IO,
1975,IO,
1976,IO,
1977,IO,
1978,IO,
1979,IO,
1980,IO,
1981,IO,
1982,IO,
1983,IO,
1984,IO,
1985,IO,
1986,IO,
1987,IO,
1988,IO,
1989,IO,
1990,IO,
1991,IO,
1992,IO,
1993,IO,
1994,IO,
1995,IO,
1996,IO,
1997,IO,
1998,IO,
1999,IO,
2000,IO,
2001,IO,
2002,IO,
2003,IO,
2004,IO,
2005,IO,
2006,IO,
2007,IO,
2008,IO,
2009,IO,
2010,IO,
2011,IO,
2012,IO,
2013,IO,
2014,IO,
2015,IO,
2016,IO,
2017,IO,
2018,IO,
2019,IO,
2020,IO,
2021,IO,
2022,IO,
2023,IO,
2024,IO,
2025,IO,
2026,IO,
2027,IO,
2028,IO,
2029,IO,
2030,IO,
2031,IO,
2032,IO,
2033,IO,
2034,IO,
2035,IO,
2036,IO,
2037,IO,
2038,IO,
2039,IO,
2040,IO,
2041,IO,
2042,IO,
2043,IO,
2044,IO,
2045,IO,
2046,IO,
2047,IO,
2048,IO,
2049,IO,
2050,IO,
2051,IO,
2052,IO,
2053,IO,
2054,IO,
2055,IO,
2056,IO,
2057,IO,
2058,IO,
2059,IO,
2060,IO,
2061,IO,
2062,IO,
2063,IO,
2064,IO,
2065,IO,
2066,IO,
2067,IO,
2068,IO,
2069,IO,
2070,IO,
2071,IO,
2072,IO,
2073,IO,
2074,IO,
2075,IO,
2076,IO,
2077,IO,
2078,IO,
2079,IO,
2080,IO,
2081,IO,
2082,IO,
2083,IO,
2084,IO,
2085,IO,
2086,IO,
2087,IO,
2088,IO,
2089,IO,
2090,IO,
2091,IO,
2092,IO,
2093,IO,
2094,IO,
2095,IO,
2096,IO,
2097,IO,
2098,IO,
2099,IO,
2100,IO,
2101,IO,
2102,IO,
2103,IO,
2104,IO,
2105,IO,
2106,IO,
2107,IO,
2108,IO,
2109,IO,
2110,IO,
2111,IO,
2112,IO,
2113,IO,
2114,IO,
2115,IO,
2116,IO,
2117,IO,
2118,IO,
2119,IO,
2120,IO,
2121,IO,
2122,IO,
2123,IO,
2124,IO,
2125,IO,
2126,IO,
2127,IO,
2128,IO,
2129,IO,
2130,IO,
2131,IO,
2132,IO,
2133,IO,
2134,IO,
2135,IO,
2136,IO,
2137,IO,
2138,IO,
2139,IO,
2140,IO,
2141,IO,
2142,IO,
2143,IO,
2144,IO,
2145,IO,
2146,IO,
2147,IO,
2148,IO,
2149,IO,
2150,IO,
2151,IO,
2152,IO,
2153,IO,
2154,IO,
2155,IO,
2156,IO,
2157,IO,
2158,IO,
2159,IO,
2160,IO,
2161,IO,
2162,IO,
2163,IO,
2164,IO,
2165,IO,
2166,IO,
2167,IO,
2168,IO,
2169,IO,
2170,IO,
2171,IO,
2172,IO,
2173,IO,
2174,IO,
2175,IO,
2176,IO,
2177,IO,
2178,IO,
2179,IO,
2180,COMP,16774.83
2181,COMP,30946.021
2182,COMP,24043.142000000003
2183,COMP,30763.564
2184,COMP,42313.503
2185,COMP,11592.116000000002
2186,COMP,14252.294
2187,COMP,40471.779
2188,COMP,24242.57
2189,COMP,12632.726
2190,COMP,27499.362999999998
2191,COMP,28324.852000000003
2192,COMP,28255.761000000002
2193,COMP,15460.399
2194,COMP,16024.758
2195,COMP,35199.233
2196,COMP,15783.377
2197,COMP,52645.13
2198,COMP,37336.177
2199,COMP,44195.505
2200,COMP,36785.748999999996
2201,COMP,102305.69699999999
2202,COMP,34530.525
2203,COMP,35046.981
2204,COMP,39629.349
2205,COMP,36018.638
2206,COMP,36777.166
2207,COMP,35356.725
2208,COMP,33333.119
2209,COMP,34368.082
2210,COMP,31494.42
2211,COMP,37787.357
2212,COMP,38514.217000000004
2213,COMP,42484.819
2214,COMP,24626.088
2215,COMP,35890.722
2216,COMP,29364.201
2217,COMP,40434.2
2218,COMP,40886.647000000004
2219,COMP,39436.636
2220,COMP,40526.147000000004
2221,COMP,32667.007999999998
2222,COMP,44187.668
2223,COMP,42716.312999999995
2224,COMP,42468.404
2225,COMP,42320.125
2226,COMP,43176.263
2227,COMP,55651.538
2228,COMP,57276.181
2229,COMP,71970.527
2230,COMP,45721.557
2231,COMP,44625.012
2232,COMP,47154.558
2233,COMP,46925.812999999995
2234,COMP,47709.023
2235,COMP,48012.553
2236,COMP,91802.345
2237,COMP,60912.164000000004
2238,COMP,67178.79400000001
2239,COMP,58442.64
2240,COMP,45106.053
2241,COMP,46381.712999999996
2242,COMP,63054.600999999995
2243,COMP,39779.487
2244,COMP,54318.28
2245,COMP,98351.01199999999
2246,COMP,111032.87
2247,COMP,53769.704000000005
2248,COMP,60141.308
2249,COMP,150458.659
2250,COMP,62201.202000000005
2251,COMP,156250.719
2252,COMP,54911.945999999996
2253,COMP,60629.482
2254,COMP,56992.700999999994
2255,COMP,72042.632
2256,COMP,70021.408
2257,COMP,59564.962
2258,COMP,60959.374
2259,COMP,60613.69
2260,COMP,46151.872
2261,COMP,47358.568
2262,COMP,51536.210999999996
2263,COMP,87317.98300000001
2264,COMP,69022.902
2265,COMP,60723.263
2266,COMP,51949.774000000005
2267,COMP,53413.21
2268,COMP,54094.435
2269,COMP,53398.455
2270,COMP,55588.172999999995
2271,COMP,54889.34
2272,COMP,122055.989
2273,COMP,79968.38799999999
2274,COMP,58588.329000000005
2275,COMP,66236.818
2276,COMP,78274.957
2277,COMP,86597.52699999999
2278,COMP,110092.17800000001
2279,COMP,67057.27
2280,COMP,68878.532
2281,COMP,66594.805
2282,COMP,109593.37
2283,COMP,66632.50099999999
2284,COMP,67637.859
2285,COMP,84472.61
2286,COMP,82976.759
2287,COMP,83238.572
2288,COMP,86005.883
2289,COMP,69384.666
2290,COMP,88487.884
2291,COMP,87360.338
2292,COMP,60219.21599999999
2293,COMP,61314.877
2294,COMP,61132.996
2295,COMP,61971.005999999994
2296,COMP,72017.931
2297,COMP,72124.585
2298,COMP,62634.157999999996
2299,COMP,63524.364
2300,COMP,61368.822
2301,COMP,73707.023
2302,COMP,73907.177
2303,COMP,65246.320999999996
2304,COMP,75202.151
2305,COMP,76366.928
2306,COMP,92688.06300000001
2307,COMP,67424.94900000001
2308,COMP,77287.405
2309,COMP,76639.993
2310,COMP,77339.12400000001
2311,COMP,78394.171
2312,COMP,80581.41
2313,COMP,81738.9
2314,COMP,80378.291
2315,COMP,81231.872
2316,COMP,81203.658
2317,COMP,86918.15699999999
2318,COMP,129125.416
2319,COMP,105777.619
2320,COMP,85915.04699999999
2321,COMP,73464.548
2322,COMP,136971.272
2323,COMP,107001.353
2324,COMP,79905.739
2325,COMP,105511.064
2326,COMP,114431.4
2327,COMP,81300.893
2328,COMP,103089.345
2329,COMP,77483.839
2330,COMP,78041.74900000001
2331,COMP,78490.354
2332,COMP,78372.325
2333,COMP,102658.77699999999
2334,COMP,78429.394
2335,COMP,81865.187
2336,COMP,80879.428
2337,COMP,80694.682
2338,COMP,82534.16
2339,COMP,101285.978
2340,COMP,80588.483
2341,COMP,82901.784
2342,COMP,83472.828
2343,COMP,83145.5
2344,COMP,86664.295
2345,COMP,86724.817
2346,COMP,84609.171
2347,COMP,87645.216
2348,COMP,88007.884
2349,COMP,88204.287
2350,COMP,92394.19099999999
2351,COMP,88940.41900000001
2352,COMP,89613.888
2353,COMP,88683.522
2354,COMP,89437.252
2355,COMP,89418.362
2356,COMP,92616.56599999999
2357,COMP,91543.808
2358,COMP,89374.086
2359,COMP,90478.40400000001
2360,COMP,90465.516
2361,COMP,143889.312
2362,COMP,95507.156
2363,COMP,97450.15699999999
2364,COMP,95520.289
2365,COMP,96039.166
2366,COMP,95670.495
2367,COMP,96240.37199999999
2368,COMP,96710.445
2369,COMP,110303.132
2370,COMP,103375.271
2371,COMP,104135.591
2372,COMP,100744.239
2373,COMP,126736.23199999999
2374,COMP,132018.275
2375,COMP,132694.447
2376,COMP,131730.77300000002
2377,COMP,132874.521
2378,COMP,100409.90699999999
2379,COMP,102056.356
2380,COMP,101673.412
2381,COMP,107418.43699999999
2382,COMP,96658.565
2383,COMP,97145.112
2384,COMP,103909.15400000001
2385,COMP,104212.594
2386,COMP,107089.752
2387,COMP,104723.543
2388,COMP,103060.75300000001
2389,COMP,99948.09
2390,COMP,106967.196
2391,COMP,107298.549
2392,COMP,139272.174
2393,COMP,104566.433
2394,COMP,113987.836
2395,COMP,107710.54
2396,COMP,108818.88699999999
2397,COMP,108587.40699999999
2398,COMP,117679.29
2399,COMP,118811.543
2400,COMP,104766.234
2401,COMP,111107.025
2402,COMP,114895.835
2403,COMP,114369.96699999999
2404,COMP,138257.63199999998
2405,COMP,112329.916
2406,COMP,111704.45199999999
2407,COMP,133935.313
2408,COMP,119625.163
2409,COMP,134614.897
2410,COMP,114686.189
2411,COMP,115376.375
2412,COMP,115509.036
2413,COMP,119313.266
2414,COMP,119733.786
2415,COMP,120178.046
2416,COMP,120736.487
2417,COMP,116596.57199999999
2418,COMP,127249.338
2419,COMP,127584.725
2420,COMP,122492.32199999999
2421,COMP,128706.69900000001
2422,COMP,120122.789
2423,COMP,129543.31199999999
2424,COMP,119727.92800000001
2425,COMP,121543.87599999999
2426,COMP,118506.825
2427,COMP,122965.69900000001
2428,COMP,127555.826
2429,COMP,154923.086
2430,COMP,123255.726
2431,COMP,124242.775
2432,COMP,123315.091
2433,COMP,124485.436
2434,COMP,124395.399
2435,COMP,126670.905
2436,COMP,126377.412
2437,COMP,155880.33
2438,COMP,127080.445
2439,COMP,135799.214
2440,COMP,139084.052
2441,COMP,153067.895
2442,COMP,160482.172
2443,COMP,151630.268
2444,COMP,126880.57800000001
2445,COMP,154810.483
2446,COMP,162734.948
2447,COMP,138408.01
2448,COMP,183018.99800000002
2449,COMP,155543.188
2450,COMP,161230.012
2451,COMP,154536.674
2452,COMP,155389.193
2453,COMP,158369.73
2454,COMP,133521.206
2455,COMP,133016.547
2456,COMP,134791.219
2457,COMP,134279.387
2458,COMP,145123.884
2459,COMP,144522.089
2460,COMP,167343.77599999998
2461,COMP,166698.69400000002
2462,COMP,140908.563
2463,COMP,193652.06699999998
2464,COMP,148747.096
2465,COMP,146883.605
2466,COMP,148507.419
2467,COMP,156800.43
2468,COMP,166402.001
2469,COMP,168127.138
2470,COMP,166891.112
2471,COMP,137552.206
2472,COMP,169576.282
2473,COMP,152456.52300000002
2474,COMP,154079.63199999998
2475,COMP,161182.014
2476,COMP,151736.238
2477,COMP,142644.422
2478,COMP,154061.925
2479,COMP,161168.087
2480,COMP,146093.152
2481,COMP,148236.705
2482,COMP,148053.296
2483,COMP,150240.453
2484,COMP,271185.225
2485,COMP,156028.641
2486,COMP,156811.924
2487,COMP,150182.008
2488,COMP,150683.814
2489,COMP,153001.42
2490,COMP,183950.21399999998
2491,COMP,184605.43399999998
2492,COMP,153285.77800000002
2493,COMP,155984.279
2494,COMP,167691.725
2495,COMP,159668.323
2496,COMP,162775.941
2497,COMP,148685.821
2498,COMP,166588.72699999998
2499,COMP,178898.363
2500,COMP,157335.99800000002
2501,COMP,172080.77899999998
2502,COMP,166894.301
2503,COMP,158757.001
2504,COMP,168226.76100000003
2505,COMP,187346.725
2506,COMP,172157.718
2507,COMP,188886.985
2508,COMP,169502.34
2509,COMP,180851.259
2510,COMP,180406.704
2511,COMP,168307.962
2512,COMP,172956.217
2513,COMP,177695.146
2514,COMP,175589.997
2515,COMP,177223.82
2516,COMP,160159.955
2517,COMP,161184.4
2518,COMP,161910.764
2519,COMP,224121.997
2520,COMP,191769.64
2521,COMP,187225.552
2522,COMP,173516.8
2523,COMP,178660.755
2524,COMP,180316.56399999998
2525,COMP,173641.408
2526,COMP,180313.68300000002
2527,COMP,183123.491
2528,COMP,177168.44199999998
2529,COMP,184259.46300000002
2530,COMP,188985.645
2531,COMP,181750.408
2532,COMP,176689.188
2533,COMP,236465.768
2534,COMP,214688.51
2535,COMP,180253.40300000002
2536,COMP,174830.482
2537,COMP,251358.076
2538,COMP,170541.522
2539,COMP,170275.75
2540,COMP,218670.34699999998
2541,COMP,172088.66
2542,COMP,205070.44600000003
2543,COMP,203663.111
2544,COMP,184239.52399999998
2545,COMP,186386.09399999998
2546,COMP,175935.503
2547,COMP,181842.60199999998
2548,COMP,187704.09699999998
2549,COMP,186645.40399999998
2550,COMP,187454.56399999998
2551,COMP,187763.59100000001
2552,COMP,173287.24800000002
2553,COMP,256969.297
2554,COMP,206199.63
2555,COMP,189329.794
2556,COMP,220285.05899999998
2557,COMP,189486.91600000003
2558,COMP,191183.527
2559,COMP,238690.07
2560,COMP,222826.22199999998
2561,COMP,192639.581
2562,COMP,214112.30899999998
2563,COMP,193368.27399999998
2564,COMP,193907.25100000002
2565,COMP,194593.06399999998
2566,COMP,194956.456
2567,COMP,195489.525
2568,COMP,203365.51100000003
2569,COMP,236788.224
2570,COMP,185125.246
2571,COMP,197135.52300000002
2572,COMP,261924.135
2573,COMP,240076.09399999998
2574,COMP,197813.32
2575,COMP,199227.65399999998
2576,COMP,199334.72699999998
2577,COMP,200278.405
2578,COMP,200220.27800000002
2579,COMP,227557.587
2580,COMP,225829.958
2581,COMP,205847.99399999998
2582,COMP,208956.164
2583,COMP,269290.377
2584,COMP,296150.782
2585,COMP,230096.458
2586,COMP,231322.22600000002
2587,COMP,227142.453
2588,COMP,227309.486
2589,COMP,228269.652
2590,COMP,228745.185
2591,COMP,230869.642
2592,COMP,231283.455
2593,COMP,220793.785
2594,COMP,221584.615
2595,COMP,218529.99300000002
2596,COMP,243353.48100000003
2597,COMP,233319.484
2598,COMP,216074.913
2599,COMP,215468.13100000002
2600,COMP,235061.305
2601,COMP,254681.204
2602,COMP,241475.635
2603,COMP,256649.585
2604,COMP,237462.55800000002
2605,COMP,238625.55
2606,COMP,238443.782
2607,COMP,239697.69600000003
2608,COMP,333849.917
2609,COMP,240812.467
2610,COMP,242967.112
2611,COMP,225746.885
2612,COMP,236700.173
2613,COMP,202955.586
2614,COMP,199723.94
2615,COMP,217949.093
2616,LANG,10927.261999999999
2617,LANG,11108.54
2618,LANG,16573.103
2619,LANG,121293.632
2620,LANG,12721.968
2621,LANG,13846.893
2622,LANG,9603.056999999999
2623,LANG,80161.262
2624,LANG,10159.329
2625,LANG,81680.061
2626,LANG,80639.269
2627,LANG,63469.695
2628,LANG,13592.738000000001
2629,LANG,55325.238
2630,LANG,30190.337000000003
2631,LANG,17580.834
2632,LANG,67413.993
2633,LANG,36471.891
2634,LANG,34469.527
2635,LANG,35762.951
2636,LANG,35584.395
2637,LANG,17315.886000000002
2638,LANG,38791.737
2639,LANG,37043.221
2640,LANG,24356.21
2641,LANG,24398.678
2642,LANG,39345.306000000004
2643,LANG,164988.094
2644,LANG,43527.676
2645,LANG,55971.693
2646,LANG,185190.065
2647,LANG,56869.740999999995
2648,LANG,33445.554
2649,LANG,179174.296
2650,LANG,45982.239
2651,LANG,95497.058
2652,LANG,46896.698
2653,LANG,70928.041
2654,LANG,36281.793
2655,LANG,190850.609
2656,LANG,185534.457
2657,LANG,98483.946
2658,LANG,97842.284
2659,LANG,97690.795
2660,LANG,81368.518
2661,LANG,98952.763
2662,LANG,98722.54699999999
2663,LANG,44665.312000000005
2664,LANG,55693.605
2665,LANG,31621.331000000002
2666,LANG,101485.024
2667,LANG,101481.558
2668,LANG,192185.038
2669,LANG,73696.48599999999
2670,LANG,171523.55800000002
2671,LANG,177744.746
2672,LANG,36186.992999999995
2673,LANG,36750.43
2674,LANG,104070.38699999999
2675,LANG,121562.19099999999
2676,LANG,38167.562999999995
2677,LANG,38691.377
2678,LANG,88600.918
2679,LANG,106504.084
2680,LANG,54911.017
2681,LANG,40300.739
2682,LANG,39565.344
2683,LANG,109036.903
2684,LANG,108819.525
2685,LANG,110070.133
2686,LANG,109691.498
2687,LANG,110484.564
2688,LANG,111222.924
2689,LANG,94749.45800000001
2690,LANG,96148.369
2691,LANG,57811.012
2692,LANG,59832.193
2693,LANG,55456.497
2694,LANG,56222.73
2695,LANG,50899.450999999994
2696,LANG,55996.883
2697,LANG,57480.972
2698,LANG,58862.651
2699,LANG,128728.448
2700,LANG,117492.381
2701,LANG,113621.69699999999
2702,LANG,54776.249
2703,LANG,54353.176
2704,LANG,55305.888
2705,LANG,119367.866
2706,LANG,60475.465
2707,LANG,120948.698
2708,LANG,61065.422999999995
2709,LANG,61686.636
2710,LANG,77265.7
2711,LANG,107832.78
2712,LANG,79407.185
2713,LANG,110361.83099999999
2714,LANG,124592.977
2715,LANG,125080.26800000001
2716,LANG,110860.306
2717,LANG,73697.08099999999
2718,LANG,127470.659
2719,LANG,128406.77699999999
2720,LANG,92420.995
2721,LANG,93048.567
2722,LANG,59922.473
2723,LANG,130321.29
2724,LANG,130427.695
2725,LANG,120038.75
2726,LANG,115209.712
2727,LANG,117546.05900000001
2728,LANG,100212.57699999999
2729,LANG,101652.015
2730,LANG,137276.422
2731,LANG,65251.123
2732,LANG,99705.883
2733,LANG,65790.618
2734,LANG,88832.06
2735,LANG,69504.413
2736,LANG,76993.108
2737,LANG,135651.253
2738,LANG,75209.465
2739,LANG,76631.705
2740,LANG,123676.90699999999
2741,LANG,136187.784
2742,LANG,76368.918
2743,LANG,77274.368
2744,LANG,78046.443
2745,LANG,137985.889
2746,LANG,138164.098
2747,LANG,138417.47699999998
2748,LANG,138611.219
2749,LANG,72903.241
2750,LANG,81321.731
2751,LANG,140921.327
2752,LANG,80802.62299999999
2753,LANG,142056.101
2754,LANG,98596.64199999999
2755,LANG,99617.54800000001
2756,LANG,164216.861
2757,LANG,142257.994
2758,LANG,143425.464
2759,LANG,144624.854
2760,LANG,169532.67
2761,LANG,169491.71300000002
2762,LANG,83060.099
2763,LANG,83362.77
2764,LANG,83735.663
2765,LANG,84856.26800000001
2766,LANG,84464.631
2767,LANG,86033.476
2768,LANG,85824.463
2769,LANG,94433.179
2770,LANG,139662.12099999998
2771,LANG,159365.522
2772,LANG,191228.58800000002
2773,LANG,108866.821
2774,LANG,110384.931
2775,LANG,153205.407
2776,LANG,154660.393
2777,LANG,154085.422
2778,LANG,153461.19400000002
2779,LANG,91745.465
2780,LANG,93276.788
2781,LANG,96101.54400000001
2782,LANG,108504.45
2783,LANG,158168.291
2784,LANG,115170.306
2785,LANG,296220.195
2786,LANG,112789.32400000001
2787,LANG,188299.397
2788,LANG,203297.962
2789,LANG,305384.797
2790,LANG,167709.482
2791,LANG,94668.866
2792,LANG,248111.22
2793,LANG,96578.42
2794,LANG,112638.62800000001
2795,LANG,121529.84300000001
2796,LANG,98670.31
2797,LANG,108379.618
2798,LANG,107905.145
2799,LANG,108355.101
2800,LANG,109987.043
2801,LANG,110365.386
2802,LANG,110081.239
2803,LANG,110645.815
2804,LANG,112362.597
2805,LANG,167180.735
2806,LANG,140174.304
2807,LANG,116160.79199999999
2808,LANG,110799.984
2809,LANG,229663.081
2810,LANG,120865.26699999999
2811,LANG,122276.439
2812,LANG,192401.15
2813,LANG,122258.33
2814,LANG,160694.048
2815,LANG,154090.58800000002
2816,LANG,107926.181
2817,LANG,108387.45800000001
2818,LANG,158928.741
2819,LANG,112454.397
2820,LANG,109407.705
2821,LANG,110302.936
2822,LANG,127391.823
2823,LANG,126840.79
2824,LANG,130441.349
2825,LANG,115104.633
2826,LANG,117998.12400000001
2827,LANG,180849.07100000003
2828,LANG,116815.36
2829,LANG,152473.094
2830,LANG,137989.734
2831,LANG,117985.50300000001
2832,LANG,183575.52800000002
2833,LANG,137725.779
2834,LANG,138962.716
2835,LANG,160949.062
2836,LANG,119257.42599999999
2837,LANG,133809.354
2838,LANG,184911.955
2839,LANG,185913.71300000002
2840,LANG,123716.83300000001
2841,LANG,122468.655
2842,LANG,137728.975
2843,LANG,137770.325
2844,LANG,143361.97
2845,LANG,189909.68600000002
2846,LANG,126133.51199999999
2847,LANG,126506.37400000001
2848,LANG,127274.86300000001
2849,LANG,191056.57
2850,LANG,187818.35
2851,LANG,161197.139
2852,LANG,161429.481
2853,LANG,163506.019
2854,LANG,193681.77300000002
2855,LANG,194646.754
2856,LANG,192799.711
2857,LANG,195141.115
2858,LANG,194749.49899999998
2859,LANG,195268.099
2860,LANG,195136.24800000002
2861,LANG,184632.09699999998
2862,LANG,142790.325
2863,LANG,197441.473
2864,LANG,197022.53100000002
2865,LANG,136450.658
2866,LANG,213057.832
2867,LANG,200242.94
2868,LANG,214186.96300000002
2869,LANG,295312.48600000003
2870,LANG,253698.655
2871,LANG,139326.047
2872,LANG,140775.841
2873,LANG,146696.733
2874,LANG,190430.84
2875,LANG,193035.488
2876,LANG,192072.901
2877,LANG,192341.61800000002
2878,LANG,193484.87399999998
2879,LANG,192942.488
2880,LANG,193444.194
2881,LANG,141407.866
2882,LANG,189328.55800000002
2883,LANG,196095.391
2884,LANG,196869.079
2885,LANG,161085.073
2886,LANG,162542.77300000002
2887,LANG,162850.268
2888,LANG,158952.739
2889,LANG,162027.145
2890,LANG,163373.958
2891,LANG,205221.93600000002
2892,LANG,147837.065
2893,LANG,173813.31100000002
2894,LANG,154765.242
2895,LANG,150790.05
2896,LANG,162590.228
2897,LANG,148809.962
2898,LANG,148875.658
2899,LANG,161348.829
2900,LANG,193205.358
2901,LANG,199127.58399999997
2902,LANG,154811.828
2903,LANG,230767.25699999998
2904,LANG,200436.61
2905,LANG,223816.392
2906,LANG,223363.02
2907,LANG,168864.715
2908,LANG,314391.096
2909,LANG,240954.80899999998
2910,LANG,209908.944
2911,LANG,157412.768
2912,LANG,156237.295
2913,LANG,178887.169
2914,LANG,226375.288
2915,LANG,
2916,LANG,
2917,LANG,
2918,LANG,
2919,LANG,
2920,LANG,
2921,LANG,
2922,LANG,
2923,LANG,
2924,LANG,
2925,LANG,
2926,LANG,
2927,LANG,
2928,LANG,
2929,LANG,
2930,LANG,
2931,LANG,
2932,LANG,
2933,LANG,
2934,LANG,
2935,LANG,
2936,LANG,
2937,LANG,
2938,LANG,
2939,LANG,
2940,LANG,
2941,LANG,
2942,LANG,
2943,LANG,
2944,LANG,
2945,LANG,
2946,LANG,
2947,LANG,
2948,LANG,
2949,LANG,
2950,LANG,
2951,LANG,
2952,LANG,
2953,LANG,
2954,LANG,
2955,LANG,
2956,LANG,
2957,LANG,
2958,LANG,
2959,LANG,
2960,LANG,
2961,LANG,
2962,LANG,
2963,LANG,
2964,LANG,
2965,LANG,
2966,LANG,
2967,LANG,
2968,LANG,
2969,LANG,
2970,LANG,
2971,LANG,
2972,LANG,
2973,LANG,
2974,LANG,
2975,LANG,
2976,LANG,
2977,LANG,
2978,LANG,
2979,LANG,
2980,LANG,
2981,LANG,
2982,LANG,
2983,LANG,
2984,LANG,
2985,LANG,
2986,LANG,
2987,LANG,
2988,LANG,
2989,LANG,
2990,LANG,
2991,LANG,
2992,LANG,
2993,LANG,
2994,LANG,
2995,LANG,
2996,LANG,
2997,LANG,
2998,LANG,
2999,LANG,
3000,LANG,
3001,LANG,
3002,LANG,
3003,LANG,
3004,LANG,
3005,LANG,
3006,LANG,
3007,LANG,
3008,LANG,
3009,LANG,
3010,LANG,
3011,LANG,
3012,LANG,
3013,LANG,
3014,LANG,
3015,LANG,
3016,LANG,
3017,LANG,
3018,LANG,
3019,LANG,
3020,LANG,
3021,LANG,
3022,LANG,
3023,LANG,
3024,LANG,
3025,LANG,
3026,LANG,
3027,LANG,
3028,LANG,
3029,LANG,
3030,LANG,
3031,LANG,
3032,LANG,
3033,LANG,
3034,LANG,
3035,LANG,
3036,LANG,
3037,LANG,
3038,LANG,
3039,LANG,
3040,LANG,
3041,LANG,
3042,LANG,
3043,LANG,
3044,LANG,
3045,LANG,
3046,LANG,
3047,LANG,
3048,LANG,
3049,LANG,
3050,LANG,
3051,LANG,
3052,MATH,16899.93
3053,MATH,17470.876
3054,MATH,251768.667
3055,MATH,17512.721
3056,MATH,253108.832
3057,MATH,19096.896
3058,MATH,383239.975
3059,MATH,20557.154
3060,MATH,21859.63
3061,MATH,257478.617
3062,MATH,23571.447
3063,MATH,315349.163
3064,MATH,18176.144
3065,MATH,623106.983
3066,MATH,147540.622
3067,MATH,23425.927000000003
3068,MATH,720737.708
3069,MATH,203580.551
3070,MATH,21060.647999999997
3071,MATH,207252.357
3072,MATH,204474.823
3073,MATH,206970.354
3074,MATH,20908.379
3075,MATH,207140.074
3076,MATH,207182.73899999997
3077,MATH,24432.134
3078,MATH,25868.853
3079,MATH,26931.867000000002
3080,MATH,43438.065
3081,MATH,28143.091
3082,MATH,27408.737
3083,MATH,23819.529
3084,MATH,26334.05
3085,MATH,25109.887000000002
3086,MATH,35835.05
3087,MATH,30103.711
3088,MATH,36806.02
3089,MATH,26440.343999999997
3090,MATH,35329.281
3091,MATH,30299.036
3092,MATH,27604.138
3093,MATH,31585.406000000003
3094,MATH,28566.896
3095,MATH,29095.971
3096,MATH,29796.466
3097,MATH,29871.319
3098,MATH,287285.345
3099,MATH,290070.457
3100,MATH,32320.721
3101,MATH,131258.635
3102,MATH,691176.353
3103,MATH,40021.797
3104,MATH,85369.56
3105,MATH,63133.85400000001
3106,MATH,
3107,MATH,
3108,MATH,
3109,MATH,
3110,MATH,
3111,MATH,
3112,MATH,
3113,MATH,
3114,MATH,
3115,MATH,
3116,MATH,
3117,MATH,
3118,MATH,
3119,MATH,
3120,MATH,
3121,MATH,
3122,MATH,
3123,MATH,
3124,MATH,
3125,MATH,
3126,MATH,
3127,MATH,
3128,MATH,
3129,MATH,
3130,MATH,
3131,MATH,
3132,MATH,
3133,MATH,
3134,MATH,
3135,MATH,
3136,MATH,
3137,MATH,
3138,MATH,
3139,MATH,
3140,MATH,
3141,MATH,
3142,MATH,
3143,MATH,
3144,MATH,
3145,MATH,
3146,MATH,
3147,MATH,
3148,MATH,
3149,MATH,
3150,MATH,
3151,MATH,
3152,MATH,
3153,MATH,
3154,MATH,
3155,MATH,
3156,MATH,
3157,MATH,
3158,MATH,
3159,MATH,
3160,MATH,
3161,MATH,
3162,MATH,
3163,MATH,
3164,MATH,
3165,MATH,
3166,MATH,
3167,MATH,
3168,MATH,
3169,MATH,
3170,MATH,
3171,MATH,
3172,MATH,
3173,MATH,
3174,MATH,
3175,MATH,
3176,MATH,
3177,MATH,
3178,MATH,
3179,MATH,
3180,MATH,
3181,MATH,
3182,MATH,
3183,MATH,
3184,MATH,
3185,MATH,
3186,MATH,
3187,MATH,
3188,MATH,
3189,MATH,
3190,MATH,
3191,MATH,
3192,MATH,
3193,MATH,
3194,MATH,
3195,MATH,
3196,MATH,
3197,MATH,
3198,MATH,
3199,MATH,
3200,MATH,
3201,MATH,
3202,MATH,
3203,MATH,
3204,MATH,
3205,MATH,
3206,MATH,
3207,MATH,
3208,MATH,
3209,MATH,
3210,MATH,
3211,MATH,
3212,MATH,
3213,MATH,
3214,MATH,
3215,MATH,
3216,MATH,
3217,MATH,
3218,MATH,
3219,MATH,
3220,MATH,
3221,MATH,
3222,MATH,
3223,MATH,
3224,MATH,
3225,MATH,
3226,MATH,
3227,MATH,
3228,MATH,
3229,MATH,
3230,MATH,
3231,MATH,
3232,MATH,
3233,MATH,
3234,MATH,
3235,MATH,
3236,MATH,
3237,MATH,
3238,MATH,
3239,MATH,
3240,MATH,
3241,MATH,
3242,MATH,
3243,MATH,
3244,MATH,
3245,MATH,
3246,MATH,
3247,MATH,
3248,MATH,
3249,MATH,
3250,MATH,
3251,MATH,
3252,MATH,
3253,MATH,
3254,MATH,
3255,MATH,
3256,MATH,
3257,MATH,
3258,MATH,
3259,MATH,
3260,MATH,
3261,MATH,
3262,MATH,
3263,MATH,
3264,MATH,
3265,MATH,
3266,MATH,
3267,MATH,
3268,MATH,
3269,MATH,
3270,MATH,
3271,MATH,
3272,MATH,
3273,MATH,
3274,MATH,
3275,MATH,
3276,MATH,
3277,MATH,
3278,MATH,
3279,MATH,
3280,MATH,
3281,MATH,
3282,MATH,
3283,MATH,
3284,MATH,
3285,MATH,
3286,MATH,
3287,MATH,
3288,MATH,
3289,MATH,
3290,MATH,
3291,MATH,
3292,MATH,
3293,MATH,
3294,MATH,
3295,MATH,
3296,MATH,
3297,MATH,
3298,MATH,
3299,MATH,
3300,MATH,
3301,MATH,
3302,MATH,
3303,MATH,
3304,MATH,
3305,MATH,
3306,MATH,
3307,MATH,
3308,MATH,
3309,MATH,
3310,MATH,
3311,MATH,
3312,MATH,
3313,MATH,
3314,MATH,
3315,MATH,
3316,MATH,
3317,MATH,
3318,MATH,
3319,MATH,
3320,MATH,
3321,MATH,
3322,MATH,
3323,MATH,
3324,MATH,
3325,MATH,
3326,MATH,
3327,MATH,
3328,MATH,
3329,MATH,
3330,MATH,
3331,MATH,
3332,MATH,
3333,MATH,
3334,MATH,
3335,MATH,
3336,MATH,
3337,MATH,
3338,MATH,
3339,MATH,
3340,MATH,
3341,MATH,
3342,MATH,
3343,MATH,
3344,MATH,
3345,MATH,
3346,MATH,
3347,MATH,
3348,MATH,
3349,MATH,
3350,MATH,
3351,MATH,
3352,MATH,
3353,MATH,
3354,MATH,
3355,MATH,
3356,MATH,
3357,MATH,
3358,MATH,
3359,MATH,
3360,MATH,
3361,MATH,
3362,MATH,
3363,MATH,
3364,MATH,
3365,MATH,
3366,MATH,
3367,MATH,
3368,MATH,
3369,MATH,
3370,MATH,
3371,MATH,
3372,MATH,
3373,MATH,
3374,MATH,
3375,MATH,
3376,MATH,
3377,MATH,
3378,MATH,
3379,MATH,
3380,MATH,
3381,MATH,
3382,MATH,
3383,MATH,
3384,MATH,
3385,MATH,
3386,MATH,
3387,MATH,
3388,MATH,
3389,MATH,
3390,MATH,
3391,MATH,
3392,MATH,
3393,MATH,
3394,MATH,
3395,MATH,
3396,MATH,
3397,MATH,
3398,MATH,
3399,MATH,
3400,MATH,
3401,MATH,
3402,MATH,
3403,MATH,
3404,MATH,
3405,MATH,
3406,MATH,
3407,MATH,
3408,MATH,
3409,MATH,
3410,MATH,
3411,MATH,
3412,MATH,
3413,MATH,
3414,MATH,
3415,MATH,
3416,MATH,
3417,MATH,
3418,MATH,
3419,MATH,
3420,MATH,
3421,MATH,
3422,MATH,
3423,MATH,
3424,MATH,
3425,MATH,
3426,MATH,
3427,MATH,
3428,MATH,
3429,MATH,
3430,MATH,
3431,MATH,
3432,MATH,
3433,MATH,
3434,MATH,
3435,MATH,
3436,MATH,
3437,MATH,
3438,MATH,
3439,MATH,
3440,MATH,
3441,MATH,
3442,MATH,
3443,MATH,
3444,MATH,
3445,MATH,
3446,MATH,
3447,MATH,
3448,MATH,
3449,MATH,
3450,MATH,
3451,MATH,
3452,MATH,
3453,MATH,
3454,MATH,
3455,MATH,
3456,MATH,
3457,MATH,
3458,MATH,
3459,MATH,
3460,MATH,
3461,MATH,
3462,MATH,
3463,MATH,
3464,MATH,
3465,MATH,
3466,MATH,
3467,MATH,
3468,MATH,
3469,MATH,
3470,MATH,
3471,MATH,
3472,MATH,
3473,MATH,
3474,MATH,
3475,MATH,
3476,MATH,
3477,MATH,
3478,MATH,
3479,MATH,
3480,MATH,
3481,MATH,
3482,MATH,
3483,MATH,
3484,MATH,
3485,MATH,
3486,MATH,
3487,MATH,
